ann_id,image_id,category_id,bbox_x,bbox_y,bbox_w,bbox_h,crop_left,crop_top,crop_right,crop_bottom
2,3,1,347,100.60002136230469,236.79998779296875,335.1999816894531,347,100,584,436
4,4,1,1585.7850634362087,550.4132988039128,1213.8845396435952,1681.9835316051135,1585,550,2800,2233
5,6,1,386.7921392978766,186.44102564102565,270.276923076923,399.78461538461545,386,186,658,587
6,6,2,67.0895751953125,159.53846153846152,696.3384615384614,361.6205128205128,67,159,764,522
7,5,1,7.384615384615385,65.09401709401709,582.5641025641025,567.7948717948718,7,65,590,633
8,7,1,143.74776340060762,220.83333333333331,87.74444444444444,231.43333333333334,143,220,232,453
9,7,1,750.3033189561631,157.23333333333332,123.66666666666674,516.4555555555555,750,157,874,674
10,7,2,265.2768051460998,158.09246575342468,490.7945205479452,438.8835616438356,265,158,757,597
11,9,1,175.5,292,91,288,175,292,267,580
12,9,1,48,305,90,331,48,305,138,636
13,9,1,719,280,241,359,719,280,960,639
14,9,2,480,351,106,70,480,351,586,421
15,10,2,60.310176641106125,411.6790945406125,805.7376830892143,719.2370173102529,60,411,867,1131
16,10,1,66.71763336547363,273.91877496671106,208.24234354194405,408.4753661784287,66,273,275,683
24,15,1,105.41769762712218,258.7163781624501,261.89081225033294,390.4553928095872,105,258,368,650
25,15,1,489.52422226094376,260.3035952063915,299.9840213049268,915.8242343541943,489,260,790,1177
26,16,2,149,373,751,347,149,373,900,720
28,16,1,438,245.5,137,164,438,245,575,410
29,16,1,188,292.5,93,191,188,292,281,484
30,19,2,27,101.5,933,462,27,101,960,564
31,19,1,546,60.5,150,516,546,60,696,577
34,23,1,131.0252605900466,149.56058588548603,788.069241011984,1290.439414114514,131,149,920,1440
35,25,1,77.3368451439747,7.6697736351531285,882.0239680426098,1428.49533954727,77,7,960,1437
38,31,1,503,106,148,392,503,106,651,498
39,31,1,107,181,94,233,107,181,201,414
40,31,2,23,177,468,232,23,177,491,409
41,31,2,256,158,649,315,256,158,905,473
42,30,2,283,462.5,116,81,283,462,399,544
43,30,2,491,448.5,85,76,491,448,576,525
44,30,2,575,459.5,82,63,575,459,657,523
45,30,1,191,451.5,49,114,191,451,240,566
46,30,1,109,464.5,47,98,109,464,156,563
47,30,1,68,461.5,37,105,68,461,105,567
50,35,2,73,20.5,736,584,73,20,809,605
51,35,1,821,91.5,123,473,821,91,944,565
52,36,2,46,202.5,856,224,46,202,902,427
53,36,1,204.5,381.5,215,190,204,381,420,572
54,37,2,30,391.5,440,176,30,391,470,568
55,37,1,486,406.5,43,138,486,406,529,545
56,39,1,409.5,160.5,291,473,409,160,701,634
57,39,2,15,56.5,670,361,15,56,685,418
58,41,1,256,85.5,102,467,256,85,358,553
59,41,1,424,84.5,157,500,424,84,581,585
60,41,2,195,144.5,605,340,195,144,800,485
61,41,1,685,141.5,106,330,685,141,791,472
63,43,1,409,18.5,266,590,409,18,675,609
64,43,2,0,330,960,310,0,330,960,640
65,44,1,160,70.5,388,561,160,70,548,632
66,45,2,61,163,869,418,61,163,930,581
67,45,1,416,27,187,548,416,27,603,575
70,49,1,190.62583222370174,583.861517976032,681.6511318242343,496.138482023968,190,583,873,1080
71,49,1,113.29692571363182,33.075898801597866,733.4221038615179,499.0146471371504,113,33,847,533
74,56,1,510,1,442,430,510,1,952,431
75,56,1,34,51,300,590,34,51,334,641
76,57,1,310,76.5,155,529,310,76,465,606
77,57,1,460,83.5,100,501,460,83,560,585
78,57,2,57,249.5,793,324,57,249,850,574
80,61,1,37,83.5,360,531,37,83,397,615
81,61,1,573,38.5,237,591,573,38,810,630
85,66,2,67,238.5,807,248,67,238,874,487
86,68,2,4,209.5,201,94,4,209,205,304
87,68,2,0,194.5,854,443,0,194,854,638
88,68,1,574,195.5,161,371,574,195,735,567
89,68,1,733,200.5,129,348,733,200,862,549
90,69,2,172.08770768207492,337.4114513981358,641.7896138482024,467.185086551265,172,337,814,805
91,69,1,779.6642722626342,355.1078561917443,149.8295605858854,286.68175765645805,779,355,930,642
92,70,1,400,193.5,115,388,400,193,515,582
93,70,1,490.5,134.5,119,480,490,134,610,615
94,70,2,49,251.5,895,288,49,251,944,540
95,72,1,110,355.5,395,157,110,355,505,513
96,72,1,510,373.5,289,110,510,373,799,484
97,72,1,336,80.5,104,251,336,80,440,332
98,72,1,444,90.5,105,249,444,90,549,340
99,72,1,528,91.5,114,272,528,91,642,364
100,73,1,385,20.5,389,528,385,20,774,549
101,74,2,0,169.5,960,466,0,169,960,636
102,74,1,355,230.5,130,428,355,230,485,659
103,74,1,476.5,324.5,188,341,476,324,665,666
104,74,1,637,216.5,133,467,637,216,770,684
105,76,1,285.699067909454,484.47403462050596,180.23968042609857,446.1251664447403,285,484,466,931
106,76,1,485.1131824234354,476.8042609853528,158.50865512649796,379.65379494007993,485,476,644,857
107,76,1,650.0133155792277,475.525965379494,116.32490013315578,318.2956058588548,650,475,767,794
108,80,1,504,0,386,643,504,0,890,643
110,82,2,185,424.5,453,200,185,424,638,625
111,82,1,695,407.5,47,139,695,407,742,547
112,82,2,543,386.5,343,140,543,386,886,527
113,84,2,22.885187832239307,1064.3728362183756,402.55126498002664,201.27563249001332,22,1064,426,1266
115,84,1,582.3632171265136,1040.4926764314248,86.99201065246336,148.39813581890803,582,1040,670,1189
116,87,1,2,72,667,570,2,72,669,642
117,88,1,48.174449041902456,156.1917443408788,804.8468708388815,1223.8082556591212,48,156,854,1380
118,89,1,73.50195832639814,157.23035952063913,745.8854860186418,1278.9347536617843,73,157,820,1437
119,91,1,107.76883946404793,167.71238348868175,269.97603195739015,586.9933422103861,107,167,378,755
120,91,1,482.05379285952057,92.03728362183752,381.44340878828234,669.82689747004,482,92,864,762
121,92,1,563,171,171,395,563,171,734,566
122,92,2,183,265,398,295,183,265,581,560
125,94,1,21,38,300,600,21,38,321,638
126,94,1,614,74,345,567,614,74,959,641
127,95,2,104,131.5,751,401,104,131,855,533
128,96,2,0,98.5,960,538,0,98,960,637
129,97,1,82.10103845913784,84.33555259653781,776.3195739014648,1539.6644474034622,82,84,859,1624
130,99,1,331,248,106,234,331,248,437,482
131,99,1,488,225,123,264,488,225,611,489
132,99,2,484,303,439,295,484,303,923,598
133,99,2,56,238,387,291,56,238,443,529
134,100,2,166.5,593,480,127,166,593,647,720
135,100,1,707,566.5,61,112,707,566,768,679
136,101,2,115,129.5,753,455,115,129,868,585
137,101,1,854,64.5,103,353,854,64,957,418
138,102,1,46.29598076587987,84.67509986684422,850.8814913448734,1466.3249001331558,46,84,898,1551
139,104,1,474,3,486,637,474,3,960,640
140,105,1,26.64530625832224,85.21970705725698,927.1904127829562,1194.780292942743,26,85,954,1280
141,106,1,187.85839323610188,158.48468708388816,546.103861517976,1269.7869507323567,187,158,734,1429
142,107,1,5,5,173,535,5,5,178,540
143,107,1,367,25.5,151,514,367,25,518,540
144,107,1,522,82.5,116,457,522,82,638,540
145,108,2,0,11,960,629,0,11,960,640
146,109,2,202,289.5,420,334,202,289,622,624
147,109,1,616,275.5,100,330,616,275,716,606
148,110,1,229.5547312242531,238.0745672436751,194.7882822902796,290.6364846870839,229,238,425,529
149,110,1,419.1898843534142,259.71770972037285,160.7776298268975,248.38082556591212,419,259,580,509
150,110,1,536.6812292269162,259.71770972037285,176.237017310253,224.67643142476697,536,259,713,485
151,110,1,713.9488723693929,224.67643142476697,236.01331557922765,306.0958721704394,713,224,950,531
152,112,1,276.59026270636554,331.6750998668442,209.88814913448732,397.7509986684421,276,331,487,730
154,112,1,469.6355356757396,283.73768308921433,136.03861517976034,426.25432756324903,469,283,606,710
155,112,1,688.592925822211,243.5739014647137,180.08921438082564,469.0093209054594,688,243,869,713
156,111,1,295,161,108,334,295,161,403,495
157,111,1,594,176,80,291,594,176,674,467
158,111,2,3,98,921,351,3,98,924,449
159,114,1,213.27651672769642,44.314247669773636,521.5446071904129,1210.1198402130494,213,44,735,1255
160,113,1,204.98399172197486,72.73501997336885,570.515312916112,1531.9813581890812,204,72,776,1605
161,116,1,161.7043551306591,143.80825565912116,341.30492676431425,1227.1637816245006,161,143,504,1371
162,116,1,550.9453671146804,34.51398135818908,243.51531291611184,1369.0545938748335,550,34,795,1404
163,117,2,77,234.5,784,417,77,234,861,652
164,117,1,438,147.5,160,216,438,147,598,364
165,117,2,483,72.5,330,133,483,72,813,206
166,118,1,480,80.5,216,602,480,80,696,683
167,118,1,687,96.5,141,581,687,96,828,678
168,119,2,43,359.5,281,128,43,359,324,488
169,119,1,331,365.5,40,94,331,365,371,460
170,119,2,366,345.5,164,68,366,345,530,414
171,119,2,555,360.5,111,63,555,360,666,424
172,120,1,206,79,546,559,206,79,752,638
173,122,1,189,5,418,636,189,5,607,641
174,122,1,644,8,294,631,644,8,938,639
175,121,1,5,134.5,125,436,5,134,130,571
176,121,1,109,158.5,90,348,109,158,199,507
177,121,2,529,229.5,427,344,529,229,956,574
178,121,2,142,207.5,449,261,142,207,591,469
179,123,1,79.25428855276297,42.18375499334229,841.7576564580559,1397.8162450066577,79,42,922,1440
180,125,1,282,89,246,551,282,89,528,640
181,125,1,598,123.5,218,514,598,123,816,638
182,125,1,58,195.5,195,413,58,195,253,609
183,127,2,184.5272673544649,1431.9707057256992,397.7696404793609,206.8402130492675,184,1431,583,1639
184,127,1,573.2050303371547,1361.508655126498,100.01065246338214,175.01864181091878,573,1361,674,1537
185,128,1,404.5,0,300,703,404,0,705,703
186,128,2,0.5,190,754,513,0,190,755,703
187,129,1,4.48818242343542,277.8162450066578,831.7443408788283,1000.4793608521971,4,277,837,1279
188,130,1,165,254.5,125,296,165,254,290,551
189,130,2,424,327.5,416,197,424,327,840,525
190,133,2,26,87.5,761,527,26,87,787,615
191,133,1,778,8.5,173,505,778,8,951,514
192,138,1,473,98.5,168,582,473,98,641,681
193,138,1,57,109.5,191,563,57,109,248,673
194,138,1,699,154.5,151,491,699,154,850,646
195,137,1,342,98.5,232,618,342,98,574,717
196,137,2,171,47.5,646,567,171,47,817,615
197,139,2,148,279.5,214,209,148,279,362,489
198,139,1,280,339.5,71,156,280,339,351,496
199,140,2,6,298.5,323,212,6,298,329,511
200,141,1,384.286525151501,217.03767123287673,203.68150684931504,420.7191780821918,384,217,588,638
201,141,2,88.22488131588453,296.06164383561645,537.5856164383562,351.71232876712327,88,296,626,648
209,149,1,298.1431462536119,175.33561643835617,112.17123287671234,352.8493150684932,298,175,411,529
210,149,2,370.0198585823791,208.00684931506848,390.9657534246575,314.7328767123288,370,208,761,523
211,150,1,109.48633983037243,155.013698630137,415.8904109589041,784.5205479452054,109,155,526,940
212,150,1,485.6781206522902,79.3972602739726,415.8904109589041,867.6986301369863,485,79,902,948
213,151,1,297.5342967412243,93.69863013698614,468.49315068493155,1346.3013698630139,297,93,767,1440
214,152,1,333.1506849315069,409.86301369863014,188.49315068493155,775.8904109589041,333,409,522,1186
215,152,1,482.1917808219178,376.98630136986304,153.4246575342466,780.2739726027398,482,376,636,1158
216,154,1,234.4689450198657,58.45890410958904,567.0513698630137,1595.928082191781,234,58,802,1655
217,155,2,143.86955399577624,309.6742300189773,606.0273972602739,411.23287671232873,143,309,750,721
218,156,1,259.31504341020974,106.02739726027403,204.65753424657538,613.972602739726,259,106,464,720
219,156,1,3.6986301369863015,106.02739726027397,81.36986301369863,599.1780821917807,3,106,86,706
221,158,1,140.75594173065605,37.54109589041096,380.972602739726,475.5205479452055,140,37,522,514
234,168,1,455.19941444919533,358.5667808219178,263.8510273972602,674.2859589041095,455,358,720,1033
248,177,1,613.6986301369864,301.36986301369865,89.86301369863008,163.28767123287673,613,301,704,465
252,184,1,272.97636288159515,152.13013698630138,131.54109589041093,248.2123287671233,272,152,405,401
253,184,1,674.4626642514581,88.07534246575342,101.80136986301375,267.6575342465754,674,88,777,356
254,184,1,550.9284176761157,193.3082191780822,68.6301369863013,285.958904109589,550,193,620,480
255,184,1,810.5791026076225,251.64383561643837,112.09589041095887,229.91095890410958,810,251,923,482
261,195,1,560.6957911138664,437.08047945205476,360.8715753424658,856.2294520547946,560,437,922,1294
266,199,1,310.23828125,362.40234375,98.33984375,117.796875,310,362,409,481
267,199,2,99.859375,449.0625,319.1875,95.25,99,449,420,545
269,200,1,6.3984375,132.078125,326.29296875,503.375,6,132,333,636
270,200,1,423.27734375,5.76953125,511.1328125,635.41796875,423,5,935,642
271,200,2,71.265625,1.64453125,883.43359375,548.5859375,71,1,955,551
273,201,2,300.59765625,7.88671875,607.33203125,299.015625,300,7,908,307
274,201,1,339.1875,137.9140625,134.12890625,213.953125,339,137,474,352
279,228,2,45.87890625,134.91015625,893.83203125,423.57421875,45,134,940,559
280,228,1,444.50390625,60.2109375,143.55859375,180.26171875,444,60,589,241
281,229,1,50.858351528384276,174.03930131004367,459.93176855895194,544.372270742358,50,174,511,719
282,229,1,325.86926855895194,129.99727074235807,443.14683406113534,590.0027292576419,325,129,770,720
283,229,1,591.9022925764192,167.57096069868996,225.347980349345,349.99044759825324,591,167,818,518
284,229,2,2.615993449781659,53.02401746724891,944.197598253275,662.1984170305677,2,53,947,716
285,301,1,460,56,161,439,460,56,621,495
288,301,2,158,210.5,732,408,158,210,890,619
289,301,2,892,375.5,65,39,892,375,957,415
290,230,1,117,25,80,137,117,25,197,162
291,230,1,42,28,71,147,42,28,113,175
292,230,1,193,33,75,109,193,33,268,142
293,230,1,384,20,110,100,384,20,494,120
294,230,1,762,42,90,130,762,42,852,172
295,230,2,845,88,114,74,845,88,959,162
296,230,2,16,84,925,462,16,84,941,546
297,231,1,774,185.5,162,452,774,185,936,638
298,231,1,617,206.5,108,166,617,206,725,373
299,231,1,468,204.5,117,229,468,204,585,434
300,231,2,1,268.5,781,369,1,268,782,638
301,232,1,25.731960610661268,167.58299595141702,134.90958164642376,461.64372469635623,25,167,161,630
302,232,1,141.66988233805668,196.04048582995952,144.39541160593794,411.0526315789474,141,196,287,608
303,232,1,271.309558451417,237.14574898785426,107.50607287449395,179.17678812415656,271,237,379,417
304,232,1,763.5187352395412,150.71929824561403,131.74763832658562,454.2658569500675,763,150,896,605
305,232,1,897.3743357793522,157.04318488529015,60.076923076923094,460.5897435897436,897,157,958,618
306,232,2,137.45395791160595,164.42105263157896,611.3090418353577,474.29149797570847,137,164,749,639
307,233,1,241,190.5,197,388,241,190,438,579
310,233,1,762,178.5,100,89,762,178,862,268
311,233,2,422,101.5,536,520,422,101,958,622
312,234,1,232.0691000337382,99.99325236167344,158.89338731443996,278.0634278002699,232,99,391,379
313,234,2,96.46181258434548,264.36572199730097,823.2321187584346,430.1079622132254,96,264,920,695
314,235,1,639,117.5,76,157,639,117,715,275
315,235,1,827,158.5,69,156,827,158,896,315
316,235,2,91,148.5,757,387,91,148,848,536
317,236,1,325,142.5,157,262,325,142,482,405
318,236,1,430,152.5,96,98,430,152,526,251
319,236,1,721,251.5,80,95,721,251,801,347
320,236,2,114,186.5,767,426,114,186,881,613
321,237,1,279,70.5,162,449,279,70,441,520
322,237,2,336,145.5,544,444,336,145,880,590
323,237,2,908,246.5,50,169,908,246,958,416
324,238,1,390,242.5,42,78,390,242,432,321
325,238,1,434,245.5,25,73,434,245,459,319
326,238,1,461,237.5,47,84,461,237,508,322
327,238,1,510,240.5,34,76,510,240,544,317
328,238,1,546,255.5,23,61,546,255,569,317
329,238,1,571,240.5,42,74,571,240,613,315
330,238,1,615,229.5,53,85,615,229,668,315
331,238,1,670,239.5,29,71,670,239,699,311
332,238,1,701,237.5,38,76,701,237,739,314
333,238,1,741,233.5,25,71,741,233,766,305
334,238,1,768,235.5,25,64,768,235,793,300
335,238,1,795,239.5,35,55,795,239,830,295
336,238,2,99,241.5,796,294,99,241,895,536
337,239,1,103,1.5,150,403,103,1,253,405
338,239,1,177,79.5,324,525,177,79,501,605
339,239,2,342,1.5,616,537,342,1,958,539
340,240,1,396,62.5,86,115,396,62,482,178
341,240,1,442,105.5,107,86,442,105,549,192
342,240,1,553,93.5,42,104,553,93,595,198
343,240,1,617,95.5,43,102,617,95,660,198
344,240,1,358,74.5,34,50,358,74,392,125
345,240,1,922,116.5,28,69,922,116,950,186
346,240,2,661,110.5,126,61,661,110,787,172
347,240,2,790,105.5,91,65,790,105,881,171
348,240,2,883,115.5,36,52,883,115,919,168
349,240,2,1,264.5,91,349,1,264,92,614
350,240,2,67,120.5,821,395,67,120,888,516
351,241,1,382,40,559,606,382,40,941,646
352,241,2,1,1,522,706,1,1,523,707
353,242,1,346,157,309,420,346,157,655,577
354,242,1,450,2,508,640,450,2,958,642
355,242,2,1,190,789,452,1,190,790,642
356,243,1,691,90,169,357,691,90,860,447
357,243,1,316,190,474,452,316,190,790,642
358,243,2,1,1,869,641,1,1,870,642
359,244,1,224,474.5,131,58,224,474,355,533
360,244,1,39,510.5,88,83,39,510,127,594
361,244,1,398,311.5,33,103,398,311,431,415
362,244,1,433,321.5,42,94,433,321,475,416
363,244,1,492,366.5,56,139,492,366,548,506
364,244,1,524,271.5,35,83,524,271,559,355
365,244,2,232,183.5,176,106,232,183,408,290
366,244,2,266,270.5,242,98,266,270,508,369
367,244,2,15,346.5,283,144,15,346,298,491
368,244,2,58,246.5,218,117,58,246,276,364
369,244,2,550,266.5,148,98,550,266,698,365
370,245,1,725.7689777327935,340.5991902834008,119.9838056680162,238.03238866396754,725,340,846,579
371,245,1,330.9835526315789,292.2186234817814,429.6194331983806,1139.8461538461538,330,292,761,1433
372,245,2,1.9956983805668014,468.32388663967606,843.7570850202429,961.8056680161944,1,468,846,1431
373,246,1,238,233.5,276,484,238,233,514,718
374,246,1,541,284.5,186,433,541,284,727,718
375,246,2,185,1.5,713,716,185,1,898,718
376,247,1,259,289.5,65,79,259,289,324,369
377,247,1,365,289.5,104,84,365,289,469,374
378,247,1,529,237.5,100,315,529,237,629,553
379,247,1,591,206.5,111,373,591,206,702,580
381,247,2,228,124.5,44,24,228,124,272,149
382,247,2,173,240.5,419,361,173,240,592,602
383,248,1,765.0463900134953,157.68421052631578,88.95006747638331,140.50067476383265,765,157,854,299
384,248,1,524.4768893387314,66.71255060728745,265.8394062078273,663.0823211875844,524,66,791,730
385,248,2,495.1637989203779,273.92577597840756,462.944669365722,473.05263157894734,495,273,959,747
386,248,2,0.88444669365722,90.97165991902834,957.2240215924428,623.6612685560054,0,90,959,715
387,249,1,159,144.5,99,140,159,144,258,285
388,249,1,274,210.5,371,305,274,210,645,516
389,249,1,647,270.5,294,295,647,270,941,566
390,249,1,872,199.5,86,95,872,199,958,295
391,249,2,1,0.5,957,718,1,0,958,719
392,250,1,137,31,493,609,137,31,630,640
393,250,2,635,175,210,35,635,175,845,210
394,250,2,390,197,568,442,390,197,958,639
395,250,2,1,181,461,458,1,181,462,639
396,251,1,203,70.5,191,194,203,70,394,265
397,251,1,394,100.5,176,425,394,100,570,526
398,251,1,609,120.5,157,420,609,120,766,541
399,251,1,641,129.5,220,361,641,129,861,491
400,251,2,33,165.5,530,400,33,165,563,566
401,252,1,159,517.5,54,199,159,517,213,717
402,252,1,215,510.5,71,208,215,510,286,719
403,252,1,701,500.5,90,218,701,500,791,719
404,252,1,887,510.5,71,206,887,510,958,717
405,252,1,539,464.5,41,66,539,464,580,531
406,252,1,793,504.5,44,106,793,504,837,611
407,252,2,401,517.5,328,198,401,517,729,716
408,253,1,255,65.5,460,415,255,65,715,481
409,253,1,571,85.5,330,269,571,85,901,355
410,253,2,1,0.5,957,638,1,0,958,639
411,254,1,64,189.5,325,291,64,189,389,481
412,254,1,13,165.5,602,269,13,165,615,435
413,254,1,395,187.5,389,288,395,187,784,476
414,254,2,1,0,957,719,1,0,958,719
415,255,1,1,206.5,46,410,1,206,47,617
416,255,1,145,129.5,154,499,145,129,299,629
417,255,1,355,231.5,94,304,355,231,449,536
418,255,1,505,236.5,70,284,505,236,575,521
419,255,1,556,215.5,154,378,556,215,710,594
420,255,1,749,283.5,55,111,749,283,804,395
421,255,1,860,282.5,85,171,860,282,945,454
422,255,2,410,300.5,396,170,410,300,806,471
423,256,1,361,175.5,123,84,361,175,484,260
424,256,1,440,175.5,116,83,440,175,556,259
425,256,1,173,110.5,70,154,173,110,243,265
426,256,1,1,164.5,62,165,1,164,63,330
427,256,2,1,185.5,177,124,1,185,178,310
428,256,2,6,122.5,915,383,6,122,921,506
429,257,1,79,461.5,144,220,79,461,223,682
430,257,1,224,518.5,119,163,224,518,343,682
431,257,1,346,500.5,158,181,346,500,504,682
432,257,1,506,498.5,104,183,506,498,610,682
433,257,1,612,528.5,143,153,612,528,755,682
434,257,1,757,483.5,134,198,757,483,891,682
435,257,2,90,201.5,565,265,90,201,655,467
436,258,1,649,241.5,128,125,649,241,777,367
437,258,2,24,223.5,911,401,24,223,935,625
438,259,1,83.27505060728744,118.0485829959514,874.7206477732793,1074.0485829959514,83,118,958,1193
439,259,2,1.9956983805668014,1089.5303643724696,956,340.59919028340073,1,1089,958,1431
440,260,1,185,102,189,540,185,102,374,642
441,260,1,626,102,185,540,626,102,811,642
442,260,2,1,62,522,544,1,62,523,606
443,261,1,728.349822874494,387.18218623481783,123.19433198380568,193.5910931174089,728,387,852,581
444,261,1,30.24860829959514,226.834008097166,723.5222672064777,1218.255060728745,30,226,754,1446
445,261,2,0.9166244939271255,561.2186234817814,956.2226720647774,883.8704453441296,0,561,958,1446
446,262,1,1,1.5,156,636,1,1,157,638
447,262,1,170,30.5,88,197,170,30,258,228
448,262,1,746,8.5,90,174,746,8,836,183
449,262,1,681,13.5,38,93,681,13,719,107
450,262,1,260,83.5,89,54,260,83,349,138
451,262,2,99,113.5,501,316,99,113,600,430
452,262,2,842,93.5,116,120,842,93,958,214
453,262,2,416,164.5,539,446,416,164,955,611
454,263,1,284,222.5,56,53,284,222,340,276
455,263,1,407,217.5,60,48,407,217,467,266
456,263,1,2,70.5,107,648,2,70,109,719
457,263,1,84,196.5,62,216,84,196,146,413
458,263,1,478,128.5,49,44,478,128,527,173
459,263,2,98,155.5,783,484,98,155,881,640
460,263,2,929,201.5,29,110,929,201,958,312
461,264,1,339,357.5,63,146,339,357,402,504
462,264,1,392,256.5,84,234,392,256,476,491
463,264,1,453,286.5,67,204,453,286,520,491
464,264,2,206,100.5,680,319,206,100,886,420
465,265,1,65.85804655870444,185.78137651821862,892.1376518218623,1246.2834008097166,65,185,958,1433
466,265,2,1.9956983805668014,400.5910931174089,956,1031.4736842105262,1,400,958,1433
467,266,1,461,332.5,76,148,461,332,537,481
468,266,1,500,311.5,34,59,500,311,534,371
469,266,2,331,316.5,159,52,331,316,490,369
470,266,2,514,316.5,81,51,514,316,595,368
471,266,2,821,303.5,116,81,821,303,937,385
472,266,2,2,356.5,387,201,2,356,389,558
473,267,1,58,173.5,161,412,58,173,219,586
474,267,2,232,270.5,503,291,232,270,735,562
475,268,1,2,115.5,70,226,2,115,72,342
476,268,1,95,105.5,61,231,95,105,156,337
477,268,1,362,98.5,73,85,362,98,435,184
478,268,1,462,87.5,110,131,462,87,572,219
479,268,1,596,109.5,71,150,596,109,667,260
480,268,1,668,105.5,75,189,668,105,743,295
481,268,1,802,94.5,91,321,802,94,893,416
482,268,1,849,97.5,109,328,849,97,958,426
483,268,2,73,135.5,140,108,73,135,213,244
484,268,2,564,174.5,233,120,564,174,797,295
485,268,2,145,170.5,653,346,145,170,798,517
486,269,2,2,158,265,404,2,158,267,562
487,269,1,79,140,180,458,79,140,259,598
488,269,1,302,49,67,146,302,49,369,195
489,269,1,369,46,97,135,369,46,466,181
490,269,1,235,115,129,460,235,115,364,575
491,269,1,347,113,121,470,347,113,468,583
492,269,1,411,140,115,453,411,140,526,593
493,269,1,499,107,148,482,499,107,647,589
494,269,1,595,105,92,459,595,105,687,564
495,269,1,635,97,224,492,635,97,859,589
496,269,1,732,79,157,485,732,79,889,564
497,270,1,604,189.5,114,130,604,189,718,320
498,270,2,2,106.5,957,532,2,106,959,639
499,271,1,1,240,468,399,1,240,469,639
500,271,1,29,135,195,298,29,135,224,433
501,271,1,124,104,80,189,124,104,204,293
502,271,1,220,117,69,176,220,117,289,293
503,271,1,328,114,65,175,328,114,393,289
504,271,1,707,119,80,115,707,119,787,234
505,271,1,818,114,84,181,818,114,902,295
506,271,1,562,107,54,88,562,107,616,195
507,271,2,360,190,597,406,360,190,957,596
508,272,1,566.2294302462889,278.7058029689609,198.63562753036433,569.7300944669366,566,278,765,849
509,272,1,700.1929929993253,223.27260458839407,198.63562753036433,625.1632928475034,700,223,899,849
510,272,2,21.13631283738192,357.23616734143053,589.7476383265857,577.4291497975707,21,357,611,935
511,273,1,44.69635627530365,69.95951417004049,843.4008097165993,1245.6680161943323,44,69,889,1316
512,273,2,1.9433198380566803,310.93117408906886,954.17004048583,1084.3724696356276,1,310,957,1396
513,274,1,767,36.5,173,519,767,36,940,556
514,274,2,48,157.5,768,440,48,157,816,598
515,275,1,242,325.5,57,81,242,325,299,407
516,275,1,291,308.5,65,77,291,308,356,386
517,275,1,276,354.5,95,280,276,354,371,635
518,275,1,377,317.5,85,94,377,317,462,412
519,275,1,443,312.5,94,124,443,312,537,437
520,275,1,478,312.5,80,105,478,312,558,418
521,275,1,488,383.5,140,300,488,383,628,684
522,275,2,150,322.5,721,322,150,322,871,645
523,276,1,156,24.5,541,618,156,24,697,643
524,276,2,664,245.5,294,395,664,245,958,641
525,277,1,468,216.5,163,256,468,216,631,473
526,277,1,576,196.5,164,271,576,196,740,468
527,277,1,710,177.5,241,352,710,177,951,530
528,277,1,482,470.5,155,152,482,470,637,623
529,277,1,1,376.5,64,152,1,376,65,529
530,277,1,83,360.5,76,169,83,360,159,530
531,277,1,227,345.5,81,122,227,345,308,468
532,277,2,1,458.5,957,259,1,458,958,718
533,278,1,402,378.5,80,48,402,378,482,427
534,278,1,494,382.5,66,50,494,382,560,433
535,278,1,432,213.5,163,142,432,213,595,356
536,278,1,340,295.5,45,50,340,295,385,346
537,278,1,1,320.5,73,221,1,320,74,542
538,278,1,124,326.5,55,71,124,326,179,398
539,278,1,749,300.5,37,117,749,300,786,418
540,278,2,307,341.5,119,107,307,341,426,449
541,278,2,280,351.5,370,264,280,351,650,616
542,279,1,257.0226467611336,156.24291497975707,442.68825910931173,1046.502024291498,257,156,700,1203
543,279,2,42.18863866396761,351.54655870445345,916.2995951417004,851.1983805668015,42,351,959,1203
544,280,2,352.1328125,483.51012145748984,275.7206477732793,250.41295546558706,352,483,628,734
545,280,1,269.549816548583,456.87044534412956,138.52631578947364,299.6963562753036,269,456,409,757
546,280,1,586.5619622975709,463.53036437246965,94.57085020242914,293.0364372469635,586,463,682,757
547,280,1,665.1490068319838,456.87044534412956,117.21457489878537,299.6963562753036,665,456,783,757
548,280,2,49.77248861336032,470.1902834008097,175.82186234817812,237.0931174089069,49,470,226,708
549,281,1,505,193.5,206,362,505,193,711,556
550,281,2,86,1.5,872,455,86,1,958,457
551,282,1,85,142,492,499,85,142,577,641
552,282,1,50,12,240,629,50,12,290,641
553,282,1,391,71,327,570,391,71,718,641
554,282,2,2,57,482,462,2,57,484,519
555,282,2,260,2,667,567,260,2,927,569
556,282,2,875,112,83,467,875,112,958,579
557,283,1,493,34.5,106,179,493,34,599,214
558,283,1,572,53.5,81,144,572,53,653,198
559,283,1,618,51.5,60,64,618,51,678,116
560,283,1,665,60.5,37,47,665,60,702,108
561,283,1,854,67.5,31,48,854,67,885,116
562,283,1,928,82.5,30,86,928,82,958,169
563,283,2,857,93.5,101,49,857,93,958,143
564,283,2,581,99.5,377,263,581,99,958,363
565,283,2,18,90.5,892,491,18,90,910,582
566,284,1,146,111.5,480,526,146,111,626,638
567,284,1,452,25.5,407,583,452,25,859,609
568,284,1,664,61.5,295,576,664,61,959,638
569,284,1,2,71.5,121,245,2,71,123,317
570,284,2,2,314.5,747,323,2,314,749,638
571,285,1,347,160.5,277,352,347,160,624,513
572,285,2,1,494.5,958,145,1,494,959,640
573,286,1,108,12.5,247,625,108,12,355,638
574,286,1,531,99.5,237,538,531,99,768,638
575,286,1,734,31.5,203,606,734,31,937,638
576,286,2,879,22.5,79,156,879,22,958,179
577,286,2,1,119.5,958,518,1,119,959,638
578,287,1,411.93566548582993,293.6450742240216,295.5897435897436,1030.6747638326585,411,293,708,1325
579,287,2,0,550.3414304993253,958.7219973009446,672.8556005398111,0,550,959,1224
580,288,1,527,116,137,149,527,116,664,265
581,288,2,198,159,511,421,198,159,709,580
582,288,2,623,161,335,370,623,161,958,531
583,289,1,283,125,105,307,283,125,388,432
584,289,1,366,91,93,359,366,91,459,450
585,289,2,2,167,442,230,2,167,444,397
586,289,2,410,92,548,410,410,92,958,502
587,290,1,623,362,105,95,623,362,728,457
588,290,1,414,352,100,105,414,352,514,457
589,290,1,470,168,117,156,470,168,587,324
590,290,1,801,158,85,100,801,158,886,258
591,290,1,16,224,125,411,16,224,141,635
592,290,1,117,239,106,269,117,239,223,508
593,290,1,235,218,126,321,235,218,361,539
594,290,2,323,311,534,332,323,311,857,643
595,291,1,451,251.5,283,284,451,251,734,536
596,291,2,591,255.5,367,220,591,255,958,476
597,291,2,1,0.5,383,244,1,0,384,245
598,291,2,1,169.5,957,549,1,169,958,719
599,292,1,562,142,132,340,562,142,694,482
600,292,1,651,156,135,311,651,156,786,467
601,292,1,1,177,56,219,1,177,57,396
602,292,1,51,171,71,210,51,171,122,381
603,292,1,145,176,67,175,145,176,212,351
604,292,1,205,186,53,135,205,186,258,321
605,292,1,250,186,59,135,250,186,309,321
606,292,1,305,181,54,135,305,181,359,316
607,292,1,405,181,59,85,405,181,464,266
608,292,1,832,212,58,159,832,212,890,371
609,292,1,877,212,64,164,877,212,941,376
610,292,2,125,248,500,304,125,248,625,552
611,293,1,155.46558704453443,448.90688259109317,291.49797570850205,932.7935222672064,155,448,447,1382
612,293,1,538.2995951417005,489.71659919028343,279.8380566801619,872.5506072874496,538,489,819,1363
613,293,2,29.149797570850204,621.8623481781377,926.9635627530364,604.3724696356277,29,621,957,1227
614,294,1,383.74389549595145,201.5425101214575,190.5128205128205,330.89068825910937,383,201,575,533
615,294,1,581.2756093960865,79.21322537112012,159.42914979757086,216.582995951417,581,79,741,296
616,294,1,687.5617092611336,55.148448043184885,83.22402159244268,134.361673414305,687,55,771,190
617,294,1,764.7695365215925,55.148448043184885,87.23481781376518,134.361673414305,764,55,853,190
618,294,1,154.12581182523618,96.2591093117409,102.2753036437247,123.33198380566802,154,96,257,220
619,294,2,0.7128563596491229,252.68016194331986,170.45883940620783,143.38596491228068,0,252,172,397
620,294,2,87.94767417341431,256.6909581646424,870.3427800269907,483.3009446693657,87,256,959,740
621,295,1,126,133.5,683,465,126,133,809,599
622,295,2,1,1.5,957,637,1,1,958,639
623,296,1,129.22435897435898,167.58974358974356,828.2051282051281,1272.5128205128203,129,167,958,1441
624,296,1,0.6089743589743589,187.07692307692307,300.1025641025641,325.43589743589735,0,187,301,513
625,296,2,0.6089743589743589,502.7692307692307,956.8205128205128,937.3333333333331,0,502,958,1441
626,297,1,581,97,133,299,581,97,714,396
627,297,1,396,82,300,560,396,82,696,642
628,297,1,115,100,180,542,115,100,295,642
629,297,1,671,114,195,528,671,114,866,642
630,297,2,552,1,253,174,552,1,805,175
631,297,2,51,1,572,355,51,1,623,356
632,297,2,741,1,217,436,741,1,958,437
633,297,2,1,167,62,189,1,167,63,356
634,297,2,1,267,957,374,1,267,958,641
635,298,1,210.99974696356273,0,644.4291497975707,1430.1295546558704,210,0,856,1431
636,298,2,25.218370445344128,0,932.7773279352226,359.95141700404855,25,0,958,360
637,299,1,1.9956983805668014,89.02024291497975,956,1341.1093117408907,1,89,958,1431
638,299,2,1.9956983805668014,0,956,1383.6842105263156,1,0,958,1384
639,300,1,456,431.5,45,125,456,431,501,557
640,300,1,512,452.5,32,103,512,452,544,556
641,300,1,910,466.5,48,114,910,466,958,581
642,300,1,220,436.5,52,83,220,436,272,520
643,300,1,316,436.5,42,79,316,436,358,516
644,300,1,375,436.5,49,99,375,436,424,536
645,300,1,60,440.5,37,60,60,440,97,501
646,300,1,551,446.5,39,94,551,446,590,541
647,300,2,848,466.5,110,109,848,466,958,576
648,300,2,1,487.5,251,231,1,487,252,719
649,300,2,159,511.5,371,200,159,511,530,712
650,300,2,553,496.5,405,190,553,496,958,687
651,302,1,615,221.5,139,357,615,221,754,579
652,302,1,887,241.5,71,392,887,241,958,634
653,302,1,872,247.5,47,68,872,247,919,316
654,302,2,110,49.5,819,534,110,49,929,584
655,303,1,432,17,383,623,432,17,815,640
656,303,2,898,123,61,258,898,123,959,381
657,303,2,1,113,938,527,1,113,939,640
668,309,1,66.07287449392713,147.6923076923077,788.9878542510123,1144.6153846153848,66,147,856,1293
671,310,1,212.59919028340082,167.90283400809716,630.1538461538461,599.0607287449393,212,167,843,767
676,313,1,204,190.5,38,98,204,190,242,289
687,322,2,36.80390879159644,106.53816191745383,906.1038306451612,530.851814516129,36,106,943,638
688,325,1,418.0611559139785,156.24159946236557,427.64616935483866,908.3753360215054,418,156,846,1065
689,327,1,513.4128189550426,183.1804374240583,90.71537059538277,207.89489671931955,513,183,605,392
690,327,2,0,163.4758166274207,507.8992214376381,253.31185044426823,0,163,508,417
691,327,2,451.640340218712,245.37667071688944,411.7253948967193,149.91342648845685,451,245,864,396
692,328,1,317.97995139732683,148.8791008505468,486.10571081409483,324.1084447144593,317,148,805,473
693,330,1,236.82839079586878,129.93288654313488,518.5440082017011,466.5315537667072,236,129,756,597
694,331,2,109.21931956257595,91.90717816558076,595.3979343863913,382.29695306163677,109,91,705,475
695,331,1,620.6181652490886,182.13699878493318,233.23928374373244,368.4510818768109,620,182,854,551
696,331,1,687.1839136904762,45.91321428571428,131.08431547619045,228.05177083333336,687,45,819,274
697,332,1,160.8165322580645,105.28225806451613,565.8064516129032,1324.4153225806451,160,105,727,1430
698,333,1,627.3025516403402,46.54921020656136,168.4538274605103,497.4012758201701,627,46,796,544
699,333,2,125.83300645838959,116.64141408768265,523.0846640849188,448.17809930698263,125,116,649,565
700,335,1,142.97926267281105,275.13882488479265,246.849366359447,987.4115783410138,142,275,390,1263
701,335,1,557.9753372681282,272.2860455311973,353.94814502529505,1035.2940556492413,557,272,912,1308
702,335,1,387.83571428571435,274.5214285714286,173.3785714285714,1008.0321428571428,387,274,562,1283
703,336,1,280.2283488960379,249.27330976063485,179.65370595382745,309.4547387606318,280,249,460,559
704,336,2,40.63487241798299,82.45243940494892,863.1223693652406,387.6417282742735,40,82,904,471
705,338,2,55.256682867557714,131.52938810983238,896.5392416837269,477.97091565687475,55,131,952,610
706,339,1,490.80141129032256,216.6179435483871,154.10282258064512,496.5574596774194,490,216,645,714
707,339,1,338.15451096121416,296.34169477234406,151.1920320404722,415.88005902192236,338,296,490,713
708,339,1,129.71785714285716,226.0339285714286,207.43928571428575,492.1821428571429,129,226,338,719
709,340,1,460.5934342672966,88.29231289327612,172.95831273046326,515.7938166515411,460,88,634,605
710,340,2,102.65373007426078,164.37417651333107,358.5672801799384,445.09423174912337,102,164,462,610
711,345,1,232.87298387096774,229.2540322580645,592.5302419354839,892.6209677419355,232,229,826,1122
712,347,1,416.35479951397326,81.47478736330498,390.60145808019445,550.7806804374242,416,81,807,633
713,348,1,444.9832928311057,153.77574479375522,194.40639425149777,438.7834897141427,444,153,640,593
714,349,2,193.0771567436209,316.4828752461038,481.80374673243506,222.52439555701616,193,316,675,540
715,349,2,28.140947752126365,292.3086269744836,168.83657351154312,154.87089914945318,28,292,197,448
716,350,1,98.60887096774194,300.2016129032258,571.2096774193548,1128.7298387096773,98,300,670,1429
717,354,1,481.26204077060936,319.6949204749104,324.0446488575269,1115.3917450716845,481,319,806,1436
718,355,2,234.91038882138517,362.3283718104496,249.56409477521262,187.11725394896717,234,362,485,550
719,356,1,231.57258064516128,407.30510752688167,234.67069892473117,529.6370967741935,231,407,467,937
720,356,1,512.9532040472176,401.31323777403037,135.75252951096115,412.79089376053963,512,401,649,815
721,356,1,635.7285714285714,408.4642857142857,95.07142857142856,332.95714285714286,635,408,731,742
722,357,1,35.14903953853047,43.05937780017921,336.2904205869176,949.3272009408604,35,43,372,993
723,360,1,463.3778857837181,25.49362089914945,268.30498177399755,609.4957472660996,463,25,732,635
724,361,1,28.68226366487455,150.12217181899646,807.7858142921147,1203.5745127688172,28,150,837,1354
725,363,1,178.50092405913978,221.37323588709677,177.54357078853047,323.5265737007168,178,221,357,545
726,363,2,301.98050168634063,107.3116831787521,643.1655248735245,543.1914787099495,301,107,946,651
727,365,2,212.86290322580643,257.65120967741933,699.2741935483871,362.03629032258067,212,257,913,620
728,366,1,400.49362089914945,119.6035844471446,198.61786148238156,514.0962940461725,400,119,600,634
729,367,2,47.765795868772784,196.81804374240582,591.5795868772782,288.9778250303767,47,196,640,486
730,367,1,610.9447144592953,184.365127582017,123.72721749696234,328.8198663426488,610,184,735,514
731,367,1,765.8302232142858,155.02806547619048,89.69945684523805,301.1909598214286,765,155,856,457
732,369,1,62.6330085125448,35.77928987455197,583.4803427419354,956.492215501792,62,35,647,993
733,372,2,537.9939516129032,303.88608870967744,416.0534274193548,220.4737903225806,537,303,955,525
734,372,2,294.98524451939295,301.19361298482295,267.78509696458684,183.53815345699832,294,301,563,485
735,372,2,4.617857142857143,307.8696428571429,246.81428571428575,172.9660714285714,4,307,252,481
736,373,1,239.18458781362008,87.41935483870968,711.6487455197133,907.5627240143368,239,87,951,995
737,374,2,119.837158808933,256.41439205955334,452.24720843672463,345.65136476426795,119,256,573,603
738,374,1,549.0902187120291,93.86391251518832,156.5613608748481,511.24392466585664,549,93,706,606
739,375,1,504.8542522816422,39.80690085597387,218.04784853272395,583.3173397272583,504,39,723,624
740,375,2,57.90400972053463,224.48725800421505,441.47136150800947,395.70715268837307,57,224,500,621
741,378,1,310.6075334143378,107.26913730255164,73.77885783718102,224.39854191980555,310,107,385,332
742,378,1,217.70048602673148,125.68195625759417,98.33839611178615,273.97326852976914,217,125,317,400
743,378,2,280.10720982142857,247.87790178571427,653.0544196428572,349.8785044642857,280,247,934,598
744,381,1,120.9274193548387,10.534274193548386,792.7016129032259,637.1622983870967,120,10,914,648
745,382,1,228.42222502240142,186.706051187276,691.1556619623656,967.1226478494624,228,186,920,1154
746,383,2,466.3441676792224,408.4948359659781,324.77854427154784,146.21443555170973,466,408,792,555
747,383,2,266.56633759862996,392.54252733900364,225.86835255932877,106.0525516403402,266,392,493,499
748,384,1,54.59680219534051,232.6505096326165,841.1101870519714,1207.3363575268818,54,232,896,1440
749,386,1,96.10115431348724,151.89094775212638,269.8268529769137,455.6591737545565,96,151,366,608
750,386,1,413.5115431348724,269.58080194410695,245.47235722964768,307.6275820170109,413,269,659,578
751,386,1,701.2606770833333,202.7019419642857,245.44004464285706,407.69793898809525,701,202,947,611
752,387,1,414.4947776657706,285.7420194892473,226.50232414874552,1145.9382000448031,414,285,641,1432
753,387,1,626.8819034569983,235.77941873946037,247.59040366779095,1048.3062684443507,626,235,875,1285
754,388,1,444.7417982989064,76.66767922235722,137.9024908869988,365.2217496962333,444,76,583,442
755,388,1,87.08839611178615,90.81561360874848,288.1758809234508,355.3113608748481,87,90,376,447
756,390,1,375.55589307411907,154.1965370595383,120.10479951397326,439.3924665856622,375,154,496,594
757,390,1,259.0780680437424,137.31470230862698,126.47478736330498,458.8213851761847,259,137,386,597
758,391,1,88.00877856182795,53.17468918010753,716.7289566532257,1151.3218665994623,88,53,805,1205
759,392,1,139.85965501792114,143.2700982862903,689.1194136424731,1330.0938620071686,139,143,829,1474
760,394,1,44.76814516129032,207.20766129032256,727.4999999999999,1223.9415322580644,44,207,773,1432
761,396,2,69.42678231406809,292.3836245519713,832.7938788082437,400.8607330869176,69,292,903,694
762,396,1,728.3371429700675,121.75468354763912,152.17770473229336,298.03774504637437,728,121,881,420
763,397,2,32.13699878493317,98.21537059538277,885.6789185905225,458.4842041312272,32,98,918,557
764,401,2,75.96597812879709,140.62727825030376,795.4647630619684,398.06956257594163,75,140,872,539
765,402,1,181.7350610439068,50.49108142921147,197.7711973566308,454.0632700492831,181,50,380,505
766,403,1,405.72108061796223,79.18691862046455,352.52407115269546,1107.1933817929607,405,79,759,1187
767,404,1,262.0344422043011,112.7579805107527,530.3664104502689,1566.8412088373657,262,112,793,1680
768,405,1,548.2244835965978,59.8359659781288,377.44228432563796,540.419198055893,548,59,926,601
769,405,1,93.0528554070474,118.23005956239504,347.9581073298982,477.96981893092203,93,118,442,597
770,406,1,303.087162578405,122.53342713933692,358.7040070564517,439.53993055555554,303,122,662,563
771,407,1,206.52217741935485,57.167338709677416,614.0927419354838,1340.907258064516,206,57,821,1399
772,408,1,584.4086021505377,64.65053763440861,278.7903225806451,1201.7293906810035,584,64,864,1267
773,408,1,287.4367622259697,47.529510961214164,299.7386172006745,1226.8634064080945,287,47,588,1275
774,410,2,216.55680437424058,91.18924665856622,629.753451483256,300.5068117611233,216,91,847,392
775,410,2,11.988153098420414,96.03280680437425,210.068347509113,181.34416767922235,11,96,223,278
776,411,1,432.6351761846902,129.99240583232077,202.68226002430129,225.59234507897932,432,129,636,356
777,412,1,535.0561968408263,71.90613608748481,341.1315309842041,532.0397934386391,535,71,877,604
778,412,1,153.0938639125152,49.037059538274605,377.6291008505468,556.5218712029161,153,49,531,606
779,413,1,245.99635479951397,224.39398541919806,410.4131227217497,214.07351154313486,245,224,657,439
780,415,1,225.43286755771567,314.43499392466583,227.13699878493316,228.3535844471446,225,314,453,543
781,415,2,446.02673147023086,300.77004860267317,126.50668286755774,92.57897934386386,446,300,573,394
782,416,1,346.28024193548384,347.87298387096774,328.71975806451616,973.1552419354836,346,347,675,1322
783,176,1,221.23742412320144,72.51799439354765,330.5899421088129,171.28056148830933,221,72,552,244
787,152,1,139.28057553956833,402.87771540580036,66.30220042715828,381.23742412320144,139,402,206,785
788,152,1,205.58277596672662,399.1942481171313,103.13673280125897,447.53955429406477,205,399,309,847
789,155,1,548.2045603141511,248.65108997701742,151.1798908041535,294.4028516810575,548,248,700,544
790,127,2,20.723471223021583,1367.442184708959,238.2431842062971,196.48920863309354,20,1367,259,1564
791,133,1,349.6521063056781,9.868343572822406,105.56838034211302,133.1079486874368,349,9,456,143
792,140,1,385.15112129046764,278.7913546116232,82.87769784172662,109.58281812050359,385,278,469,389
793,140,1,271.8849061375899,291.68345499381746,99.45326551258997,115.10798392535969,271,291,372,407
794,140,1,499.3381154451439,283.39567115838577,65.38135116906471,88.4028987747302,499,283,565,372
795,140,1,625.4964309802158,278.7913546116232,88.40286364658277,76.43168277877697,625,278,714,356
796,106,2,11.63830709114349,522.0172504452493,550.9036128641033,911.9827495547509,11,522,563,1434
797,107,2,130.39999389648438,156.60001373291016,212,141.5999755859375,130,156,343,299
798,108,1,142.0431584419964,121.55391116794064,232.97841024055757,244.94966136465828,142,121,376,367
799,418,1,206.06283897210741,98.69754003099172,126.94214876033058,120.59501711002066,206,98,334,220
800,418,1,538.6512299845041,271.3388671875,161.216587035124,294.5057463842975,538,271,700,566
801,516,1,502.13826062867963,395.9695015365271,36.46767101699504,217.8200912475586,502,395,539,614
802,516,1,558.318161861502,394.9838298687832,41.395653374761196,206.9783796680917,558,394,600,602
803,516,1,445.95843459204804,383.1564842196677,52.237364954227985,214.86333943099424,445,383,499,599
804,516,1,397.6634555240329,380.19965720691266,43.366921514058276,215.84889830445218,397,380,442,597
805,516,1,341.4835918893059,381.1853288746566,52.237402552323374,211.9064372220485,341,381,394,594
806,516,1,598.7282187647098,397.9406568815382,45.33811445716481,195.1511092151669,598,397,645,594
807,516,1,307.9727854831613,388.08454177362455,35.48203694734639,201.06476324067694,307,388,344,590
808,516,1,689.4044476790393,395.9695015365271,51.2518436788655,188.25174592381757,689,395,741,585
809,516,1,646.037526164981,323.03415950253714,48.294979068015095,96.5899581360302,646,323,695,420
810,516,1,710.1022743664199,281.638506127776,41.39572857095186,90.67622891432944,710,281,752,373
811,516,1,550.4332396966947,278.6816415169256,48.294979068015095,76.87772792020291,550,278,599,356
812,514,1,0,13.646339101239668,460.79999031508265,754.0363103693182,0,13,461,768
813,514,1,635.5569473140497,121.54714133522727,388.4430526859503,511.5768498192149,635,121,1024,634
814,513,1,174.1223527892562,700.2975529442149,203.1074380165289,243.72895144628103,174,700,378,945
815,512,1,481.75507121440796,170.59828249088002,308.5289256198347,561.40171750912,481,170,791,732
816,511,1,676.7393074981437,384.3868110593685,170.34046166790426,293.6131889406315,676,384,848,678
817,510,1,285.6727789256198,96.0529119318182,262.34710743801656,609.3223786157025,285,96,549,706
818,510,1,145.1900826446281,194.22149405991735,182.7967458677686,462.06940857438013,145,194,328,657
819,509,1,138.32868027490034,253.7260373643607,128.69749482210014,363.5141012648906,138,253,268,618
820,509,1,282.83115100072433,303.39878186312586,104.99007403160914,295.7784779446184,282,303,388,600
821,509,1,466.84601842076324,315.8169464552698,89.18514119298004,231.42975206611573,466,315,557,548
822,509,1,917.2873579608508,316.9458979141614,93.70086089835672,303.6809658964803,917,316,1011,621
823,509,1,832.6179364732474,321.46157455444336,86.92723827519694,249.49254475743317,832,321,920,571
824,506,1,345.9223284000973,137.58273381294964,154.2892161307575,545.4172661870504,345,137,501,683
825,506,1,488.41869378947524,155.02626461605374,143.47919667195936,432.40289644200163,488,155,632,588
826,505,1,56.64792097107438,177.2958742252066,448.5289901859504,844.5884555785124,56,177,506,1022
827,504,1,357.12396694214874,154.5520806430785,228.49591619318176,332.58843943698344,357,154,586,488
828,504,1,29.61323282541322,259.91405442923553,159.9471364927686,323.702479338843,29,259,190,584
829,501,1,350.7931775179776,89.90000430020419,145.4181560169567,151.05456265536222,350,89,497,241
830,500,1,386.5508599714799,150.87811730124733,41.81823257572398,117.85121791618914,386,150,429,269
831,500,1,435.97235482586314,143.2748187672008,49.421531109770456,129.256256355727,435,143,486,273
832,500,2,437.8732247786088,143.2748187672008,449.54541103898987,313.63632738097635,437,143,888,457
833,495,1,146.4000193698347,398.28101594783055,83.78179881198346,215.801652892562,146,398,231,615
834,495,1,776.0331062758264,542.9950849044421,118.05614023760324,222.1487603305785,776,542,895,766
835,495,1,696.0595138171487,474.4463052040289,48.23805526859496,126.94214876033055,696,474,745,602
836,496,1,358.7206647888688,25.467779490573346,460.800014527376,460.79997820893595,358,25,820,487
837,492,1,38.983234342464726,271.7888731207729,206.59337981673312,408.6710829931842,38,271,246,681
838,492,1,320.0856878422508,104.9900740316092,520.4346935177637,578.0099259683908,320,104,841,683
839,489,1,334.90904248450414,153.2826785253099,285.61983471074376,332.5883910123967,334,153,621,486
840,489,1,641.4744479597107,136.7801604467975,356.70741864669424,356.70746707128103,641,136,999,494
841,489,1,11.841361053719007,4.760354790805785,497.61323282541315,748.9586776859504,11,4,510,754
842,488,1,128.62809917355372,108.85295067148759,294.5057948088843,109.1702043517562,128,108,424,219
843,488,1,137.5140592716942,334.80994156766525,305.93055914256195,158.67768595041326,137,334,444,494
844,481,1,714.0807463906028,8.749190779756908,160.30740356445312,386.0925490639426,714,8,875,395
845,481,1,493.9402505228342,58.421913745974706,186.2727272727272,222.39835572045698,493,58,681,281
846,481,1,347.1799199443218,57.57523245062714,197.56198347107443,625.4247675493729,347,57,545,683
847,482,1,472.6020359953573,94.552083291298,183.4760674090425,586.447916708702,472,94,657,681
848,483,1,209.6549886908413,133.75208326607697,341.68592468766144,546.247916733923,209,133,552,680
849,483,1,514.250055738717,97.78508966619324,379.9007749951576,582.2149103338068,514,97,895,680
850,483,1,938.5785295470686,585.5867597091296,85.42147045293143,94.41324029087036,938,585,1024,680
851,485,1,251.98024276859505,185.75868414256198,294.50568181818176,737.9569989669421,251,185,547,924
852,486,1,557.878043466363,309.6856353696713,232.75375315768656,246.18177549504054,557,309,791,556
853,486,1,856.6533013020664,88.12190082644628,155.54216583504171,529.2909645837201,856,88,1013,618
854,486,1,535.4978781771068,60.14669421487603,173.44628099173553,248.41986459148816,535,60,709,309
855,486,1,404.57394538438024,52.31364916966966,149.9471245127276,437.53225701702524,404,52,555,490
856,486,1,225.53262307033066,43.361570247933884,176.8033399345461,518.100881939092,225,43,403,562
857,486,1,6.206998966942148,16.505376169504213,142.11403678074356,654.6198347107438,6,16,149,672
858,479,1,274.61157024793386,65.6925765108471,496.34383070764466,559.81490508781,274,65,771,626
859,476,1,60.432795280267385,106.96570678584831,119.66614154153618,365.7719180524841,60,106,181,473
860,476,1,526.6790245938893,44.874797694939225,225.78512396694214,635.5851584190178,526,44,753,681
861,474,1,254.23181382486644,0,686.6280562345647,677.6231920226546,254,0,941,678
862,473,1,650.8609289058969,99.06321883398638,206.5933367516384,141.11570247933884,650,99,858,241
865,472,1,600.4449252924643,207.21735104647547,167.8148241279539,399.1272813781233,600,207,769,607
866,472,1,857.3189563593589,209.48512829236745,166.68104364064106,356.0396867231889,857,209,1024,566
867,472,1,294.2961217076325,219.69010427175473,172.35042187399114,361.7091082107921,294,219,467,582
868,471,1,85.03018238918841,87.1314220586099,753.0842633207967,563.6925320585897,85,87,839,651
869,480,1,379.9735440340909,125.35539611311982,289.42813791322317,637.24954803719,379,125,670,763
870,463,1,2.3008135330578514,53.73886234504132,419.75542355371897,800.5818052685951,2,53,423,855
871,463,1,352.6610924586777,58.81653538223141,314.8166322314049,582.2413481404958,352,58,668,642
872,464,2,514.2609461319348,241.3078727722168,235.9453856413029,250.62145315122996,514,241,751,492
873,464,2,142.84435691518232,226.6318483273845,325.13056989937775,154.6627754652796,142,226,468,382
874,464,2,0,267.27315341539617,421.08922605278076,409.79999138698105,0,267,422,678
875,466,1,277.2878572448226,23.528151078657668,285.7388516260572,472.8297390898397,277,23,564,497
876,467,1,148.78599220465037,202.60915500861555,405.864482532848,557.0941951531024,148,202,555,760
877,445,1,410.3997374290277,237.9211045257316,225.78512396694214,189.65949551921244,410,237,637,428
878,447,1,172.4297520661157,112.97853176652893,352.052944214876,788.73392303719,172,112,525,902
879,449,1,265.33555010330576,356.7074832128099,147.25297004132233,284.35040030991735,265,356,413,642
880,449,2,40.224819214876035,405.7917419938017,218.34045712809916,113.40179493801645,40,405,259,520
881,456,1,30.75703770661157,126.51901472107438,565.3156637396695,891.980242768595,30,126,597,1019
882,455,1,647.474117594317,145.34919508626638,303.681008961575,292.39170969813324,647,145,952,438
883,452,1,435.82810885847107,280.22482728564046,96.47601368801644,128.21164772727275,435,280,533,409
884,452,1,254.3008458161157,370.35383038481405,66.00992704028923,119.32554235537185,254,370,321,490
885,451,1,1.6859504132231404,192.63472527117767,233.57357308884295,346.5520564307851,1,192,236,540
886,451,1,478.98845880681813,0.9521242252066116,168.83309659090912,253.88427330836777,478,0,648,255
887,451,1,617.3554203254132,286.571934723657,227.2264656508264,248.806640625,617,286,845,536
888,457,1,189.1303331674623,126.15745093605734,169.3388429752066,197.5620696012639,189,126,359,324
889,457,1,0.5997460420466652,114.86819473771023,153.53386707148277,244.97686811715118,0,114,155,360
890,457,1,785.2030948922653,332.7508307527905,238.2032885590861,347.7091253611666,785,332,1024,681
891,459,1,489.1536935853564,283.47768231856924,112.3438307076446,213.26286076317143,489,283,602,497
892,429,1,136.70086518595042,231.88100464876027,340.2049328512397,792.1189953512397,136,231,477,1024
893,433,1,405.7186681574041,173.82646784506554,514.4132231404958,455.6231749983858,405,173,921,630
894,435,1,231.6693569214876,612.2844460227273,385.9041838842975,411.29241993801656,231,612,618,1024
895,436,1,214.65092543925135,66.42150916737958,430.75043910002904,601.4678203488183,214,66,646,668
896,443,1,490.57496989857066,36.07267137007284,437.38185258345163,645.9273286299272,490,36,928,682
897,442,1,0,57.29302688472527,655.9058324955711,465.1173424523724,0,57,656,523
898,441,1,428.46253012034515,31.327703176451124,161.43639808843943,291.2628228368838,428,31,590,323
899,439,1,101.75413651899858,92.16531926935374,385.52069545777374,587.8346807306463,101,92,488,680
900,439,1,424.33270036681625,0.8430695336712293,423.73550288933365,403.50421369568375,424,0,849,405
901,425,1,137.38842975206612,162.48598915289267,472.22475464876027,861.5140108471073,137,162,610,1024
902,427,1,261.38154699782694,90.03182248832765,579.1388343621876,538.4975723392707,261,90,841,629
903,83,1,223.44552107337566,125.41293653309774,558.9180205640175,1328.5755395683452,223,125,783,1454
904,83,2,358.5937574647313,425.4878091057427,597.8589578532486,1154.4862785064915,358,425,957,1580
905,90,1,413.5862652895262,133.84533666706773,234.48349460080374,777.9971429838552,413,133,649,912
906,90,2,0.19063354053085657,276.1618834296577,250.74820143884892,234.48354630504576,0,276,251,511
907,90,1,147.9287320143885,78.27410847506077,298.1870503597122,429.66041614340367,147,78,447,508
908,96,1,439.61475926680527,204.48130021678458,362.6043165467627,216.64460781838397,439,204,803,422
909,96,1,524.9873090785185,148.4841919219751,130.3539288198347,217.56257942254595,524,148,656,367
910,50,1,268.6727092935027,256.40285793825876,607.0790418446493,1178.9353229330595,268,256,876,1436
911,52,1,395.41389388489205,15.990678965616569,526.1438848920864,1400.9871015205658,395,15,922,1417
912,52,2,0,189.30863702897545,548.8403349951874,627.2460746490698,0,189,549,817
913,53,2,62.49819748693233,233.87052138074696,824.6331172366794,485.8704798856228,62,233,888,720
914,53,2,523.5054312507025,172.74820341480722,353.2661712426934,231.02157482997973,523,172,877,404
915,53,1,208.57012412530912,103.33812356852799,314.93530712539336,593.6115424066996,208,103,524,697
916,86,2,174.88617703554442,130.01547283748928,724.0791366906475,411.6776874185466,174,130,899,542
917,517,2,6.600006103515625,12.699981689453125,312.8000183105469,128,6,12,320,141
918,518,2,0,51.05045514067343,554,390.08925969147487,0,51,554,442
919,519,2,46.1156797803138,7.685984461760718,513.7190006981211,466.1157024793389,46,7,560,474
920,520,2,29.090828383264352,204.69423908832644,930.9091716167356,605.0908768078513,29,204,960,810
921,521,2,56.057875451962815,215.40487998773244,1217.057863345816,639.4710622740185,56,215,1274,855
922,522,2,332.90573347107437,1136.5554622933885,1215.2594266528924,853.0512654958677,332,1136,1549,1990
923,524,2,57.29998779296875,29.300048828125,367.20001220703125,374.3999786376953,57,29,425,404
924,525,2,12.694263300619834,487.93394482825414,1399.5372627195247,1228.1651924070247,12,487,1413,1717
925,526,2,20.899993896484375,30.199981689453125,239.20004272460938,144,20,30,261,175
926,527,2,0.3305785123966942,494.5454948992769,689.718975981405,433.71900826446284,0,494,691,929
927,528,2,0,237.61984076381717,1280,507.7685950413223,0,237,1280,746
928,529,2,455.53717494996135,185.9503753914321,1144.4628250500386,761.652998490767,455,185,1600,948
929,530,2,104.52890947830579,194.11572669163223,793.3885104597108,632.5950736053719,104,194,898,827
930,532,2,41.256295196280995,367.3389277182335,1463.0083370996902,1167.867744382748,41,367,1505,1536
931,533,2,31.537177976497937,144.00004237151344,660.0992098721591,715.6363999548037,31,144,692,860
932,534,2,0.8463003615703428,268.48271242252065,1023.1536996384297,858.1289062499999,0,268,1024,1127
933,535,2,448.03938104298487,208.51036554131625,1105.333870312399,764.385068026456,448,208,1554,973
934,535,1,35.60136451405927,256.16984170330454,207.13559313056882,417.9371760975231,35,256,243,675
935,536,2,0,255.47113087551654,960,793.3883490444214,0,255,960,1049
936,537,2,14.40001936983471,316.72067084194214,959.682722107438,832.7405733471073,14,316,975,1150
937,538,2,2.975186434659091,525.6198851530218,666.4464020532025,912.396694214876,2,525,670,1439
938,539,2,16.9388236053719,359.88102079028926,990.1487603305784,710.8761299070247,16,359,1008,1071
939,540,2,211.98345215852595,361.36370256912613,1053.719102843734,870.2479906318601,211,361,1266,1232
940,541,2,149.1570086518595,202.57856889204547,1051.504148372934,740.4957870609504,149,202,1201,944
941,542,2,161.7190728305785,667.5041160898761,1480.991574121901,998.6116670971072,161,667,1643,1667
942,544,2,0,168.72728079803719,960,655.8677685950413,0,168,960,825
943,545,2,28.732882412997157,739.2272637107155,772.9091991077769,314.36361833052194,28,739,802,1054
944,546,2,46.706115470444864,32.80166310712326,659.6033194045391,410.5785464452318,46,32,707,444
945,547,2,229.25626291322317,149.6860472623967,342.74373708677683,412.56194311725204,229,149,572,563
946,548,2,157.08396659409703,154.97111013112973,788.5785328258169,511.43802674348683,157,154,946,667
947,549,2,114.24800652117769,665.6529046681302,1370.9751097623966,967.9338842975206,114,665,1486,1634
948,550,2,0,41.78513203770661,960,992.2644950929752,0,41,960,1035
949,551,2,41.256234665547595,63.966942148760324,918.7437653344524,648.5950640213391,41,63,960,713
950,552,2,17.9000244140625,43.40000915527344,320,336.8000183105469,17,43,338,381
951,553,2,17.057863345816145,78.94215481340393,702.9421366541839,648.9917597494834,17,78,720,728
952,554,2,97.87779878978888,100.90418943294809,646.0364208379067,399.867744761065,97,100,744,501
953,555,2,40.35304752066116,308.2169644379419,328.3752333585881,333.04958677685954,40,308,369,642
954,556,2,0,538.7107559077996,1437.6199315599174,898.1157993285125,0,538,1438,1437
955,557,2,4.617813993091426,116.52892561983471,1297.190112909995,1051.239707253196,4,116,1302,1168
956,558,2,86.08904877970042,1070.5783837688857,2441.256249798231,1524.0993279070894,86,1070,2528,2595
957,559,2,65.60000610351562,120.69999694824219,531.1999816894531,248.80001831054688,65,120,597,370
958,560,2,42.04957063533058,460.6942068052686,829.3553880423553,617.7851401084711,42,460,872,1079
959,561,2,6.783509814049586,385.26945054235534,1012.9982889979339,759.1139914772727,6,385,1020,1145
960,562,2,14.809893143078625,15.07439227143595,2545.1901068569214,1885.090957515496,14,15,2560,1901
961,563,2,74.75206611570248,472.6115770576414,556.9587594024406,269.5536917694344,74,472,632,743
962,564,2,245.15705707644628,278.74382586518595,674.9091231921489,818.7768756456612,245,278,921,1098
963,565,2,31.65635088455565,1024.6612841393337,2992.3436491154444,2332.561983471074,31,1024,3024,3358
964,566,2,0,0,958.4132877066116,636.826413997934,0,0,959,637
965,567,2,135.16035158772112,112.12809917355372,769.834761816608,564.9917202153481,135,112,905,678
966,568,2,48.44639827003164,162.53722501392207,1177.5933744572412,820.4694773776473,48,162,1227,984
967,570,2,236.69421487603307,386.6446200284091,484.4959000516529,275.0413223140496,236,386,722,662
968,623,2,58.20929526123937,116.91524908869988,843.5912347852828,455.38578371810456,58,116,902,573
969,571,2,48.800018310546875,10.800003051757812,399.1999816894531,363.20001220703125,48,10,448,375
970,572,2,7.800018310546875,8.099990844726562,496.8000183105469,381.6000061035156,7,8,505,390
971,573,2,24.438023275580285,194.61447909646782,573.5256089770104,415.55703565108877,24,194,598,611
972,574,2,31.338818762913206,66.24795204351756,688.6611812370868,790.2148639269112,31,66,720,857
973,624,1,342.2535293458782,591.9841447452638,421.71197660650273,778.6144372439836,342,591,764,1371
974,624,1,37.982093019754274,374.84908099453946,302.64610560708263,554.983808494941,37,374,341,930
975,575,2,228.72344992771622,62.371542181850465,455.1553514338722,441.7421112375811,228,62,684,505
976,575,2,703.5515013450433,71.3136397747954,254.8512396694215,260.21654939257405,703,71,959,332
977,576,2,25.19010685692149,7.537196135717975,680.7272969395661,814.0165773502066,25,7,706,822
978,577,2,184.2976719879907,1750.413248361635,2697.520610714747,1672.7274744963843,184,1750,2882,3424
979,578,2,106.94219932871417,507.12024174839996,460.5025040807802,382.6711114930713,106,507,568,890
980,579,2,232.92567229467974,672.1322051749742,2475.372163126291,2172.8266036608984,232,672,2709,2845
981,625,2,126.97960769489248,212.22330729166669,741.554680499552,493.1795824932796,126,212,869,706
982,625,1,491.4856858663575,97.60798508642496,128.06406118254637,211.73743149241147,491,97,620,310
983,625,1,158.01113095238094,136.3878943452381,131.4743005952381,292.8695907738095,158,136,290,430
984,579,1,2411.7689098011365,685.8845860504907,708.2310901988635,3238.611727627841,2411,685,3120,3925
985,580,2,166.61157024793386,103.14049586776859,793.3884297520661,787.0412981017563,166,103,960,891
986,581,2,185.2623149777247,40.61156343822637,1551.2727885600948,1015.7355644289129,185,40,1737,1057
987,582,2,9.92234915741219,126.92894902505165,572.138831272598,403.4115878018465,9,126,583,531
988,583,2,0,998.003331208032,3024,1839.3916338455576,0,998,3024,2838
989,584,2,20.628066890495802,149.6860472623967,939.3719331095042,723.570223721591,20,149,960,874
990,585,2,0,190.54753721252945,1280,649.3801321865112,0,190,1280,840
991,586,2,109.74176580255683,53.05787393869448,1416.198301709388,1130.578588060111,109,53,1526,1184
992,587,2,133.18981195875435,76.4517293882764,1122.962059966789,880.6561792231788,133,76,1257,958
993,628,1,512.8528225806451,158.46270161290323,361.5020161290323,556.5574596774193,512,158,875,716
994,588,2,23.682722107438014,50.14215844524793,1896.5157218491736,1406.519047004132,23,50,1921,1457
995,628,1,117.50843170320405,123.85908516020237,365.92854131534574,594.808178752108,117,123,484,719
996,589,2,147.96078012009298,25.884311140076186,728.3305875920066,640.2644537303073,147,25,877,667
997,590,2,147.37193714488637,86.8760391109246,503.0082765689566,571.2396694214876,147,86,651,659
998,591,2,162.37193714488637,107.50415644369835,950.4793630552688,723.5702539869577,162,107,1113,832
999,629,2,17.40583232077764,102.61695018226003,878.4842041312272,524.3074119076549,17,102,896,627
1000,592,2,86.10291236688283,88.00213837426557,1486.958719836779,803.4627436803393,86,88,1574,892
1001,592,2,10.334329368654362,73.79547261009532,517.7520841803433,407.2561863040136,10,73,529,482
1002,626,2,186.31552419354838,216.40625,756.4566532258063,414.45060483870964,186,216,943,631
1003,592,2,1531.3139773282137,28.01861912751001,184.6860226717863,241.51241475885564,1531,28,1716,270
1004,626,1,272.67970067453626,97.23756323777404,290.24241146711637,337.29131534569984,272,97,563,435
1005,626,1,136.1625,76.94464285714287,164.16964285714286,563.3678571428571,136,76,301,641
1006,593,1,1202.8785834824741,110.70667140740008,65.15704320481996,209.95038560599335,1202,110,1269,321
1007,593,1,204.4075551308876,76.92148760330578,106.18180897610245,188.23140956153554,204,76,311,266
1008,593,2,45.13481865244463,148.111565645076,1209.0248025941453,466.95868689166616,45,148,1255,616
1009,594,2,169.10001234574753,140.377291245894,956.3454298539596,742.7454175082121,169,140,1126,884
1010,595,2,9.600006103515623,6,710.3999938964844,348.8000030517578,9,6,720,355
1011,596,2,18.776859504132233,703.2594912190083,1093.3950154958677,853.0512654958678,18,703,1113,1557
1012,597,2,84.36362022210744,75.6364604855372,772.2314856663223,949.9503244447312,84,75,857,1026
1013,598,2,11.001711002066031,367.49753034607437,1012.998288997934,728.6480501033056,11,367,1024,1097
1014,599,2,8.32595699089618,7.809934379640689,647.1074720650665,500.7272591078577,8,7,656,509
1015,600,2,53.976794786689695,271.0165739453529,620.4298035172392,617.057889828012,53,271,675,889
1016,601,2,8.198363248966942,259.7024712680785,808.1983632489669,844.165402246901,8,259,817,1104
1017,602,2,0,22.743898502066116,960,615.6695102660124,0,22,960,639
1018,603,2,0,175.07441244834712,960,778.578455901343,0,175,960,954
1019,604,2,60.18843519983213,53.07772953254132,1107.2529760943955,505.54711106986053,60,53,1168,559
1020,605,2,114.02480700784479,210.1983402977305,655.1405094871837,669.421555700381,114,210,770,880
1021,606,2,1.9338056075671488,267.52071033824575,1694.0826643005876,1165.4875246158317,1,267,1697,1434
1022,607,2,700.5124481453383,1178.479364568537,1719.6696787432209,1294.8104833177297,700,1178,2421,2474
1023,608,2,0,516.5751448702221,1397.3155789966427,1278.6248345493286,0,516,1398,1796
1024,608,2,1455.9869415030992,468.0198964520919,215.80165289256206,312.9123555333161,1455,468,1672,781
1025,609,2,0,154.2348269628099,2048,1183.1008361311983,0,154,2048,1338
1026,610,2,101.80785123966942,66.94214876033058,1418.1818938452352,1100.8264841127002,101,66,1520,1168
1027,611,2,153.68722357631717,207.98017366267433,838.505718136622,972.4033727724692,153,207,993,1181
1028,612,2,0,120.06613991477273,960,837.8182302427685,0,120,960,958
1029,613,2,63.89424070247934,855.5900697314049,1340.5091683884298,1056.1587035123966,63,855,1405,1912
1030,614,2,59.57023179235537,227.9669340779959,619.9008103047521,814.545535253099,59,227,680,1043
1031,615,2,0,6.560341701034671,901.923959527134,545.2363858814082,0,6,902,552
1032,616,2,65.81126517303719,898.0363890592716,2532.495867768595,2059.319109956095,65,898,2599,2958
1033,617,2,95.85745314921228,9.42149516964747,1495.5372203480115,1126.6116307786674,95,9,1592,1137
1034,618,2,17.456353305785125,162.90827418555898,638.0396888669858,242.1322638141222,17,162,656,406
1035,619,2,16.363636363636363,821.1570853241219,1059.9669905733472,847.3387461260331,16,821,1077,1669
1036,620,2,374.87611376549575,417.19007255617254,782.8098770015497,946.7768393272212,374,417,1158,1364
1037,620,2,171.57022775697314,456.85949404377584,243.30580530087812,235.3721429493802,171,456,415,693
1038,621,2,0,183.41841667742767,3104,1641.785026108923,0,183,3104,1826
1039,622,2,259.08078835227275,1364.5482772953253,2505.8379148372933,1632.7933884297524,259,1364,2765,2998
1040,633,1,170.24193548387098,166.9959677419355,503.23588709677415,1235.2721774193546,170,166,674,1403
1041,634,1,407.8853046594982,194.00537634408605,363.84408602150546,1048.4408602150538,407,194,772,1243
1042,635,1,494.8652833781362,762.4875672043012,281.89490927419354,653.5321180555555,494,762,777,1417
1043,637,1,102.79233870967742,77.63104838709677,800.5342741935483,1308.366935483871,102,77,904,1386
1044,638,1,30.272177419354836,160.38306451612902,835.9576612903226,1234.7076612903224,30,160,867,1396
1045,639,1,53.014884568651276,182.91160388821385,492.62150668286756,376.0616646415553,53,182,546,559
1046,639,2,552.001822600243,149.86786148238153,392.37849331713244,467.7794653705954,552,149,945,618
1047,640,2,221.91524908869988,234.79091918448813,652.8872064467889,300.3700771703114,221,234,875,536
1048,641,1,25.772485439068102,62.48454301075269,895.6117831541219,1524.3863827284947,25,62,922,1587
1049,642,2,22.38153098420413,144.4703303594849,729.9309100337987,455.47954813383217,22,144,753,600
1050,642,1,708.7910085054677,46.97296476306197,152.5516403402188,353.0832320777643,708,46,862,401
1052,523,2,3.060595834855553,148.96404184025826,1143.7697841726617,778.0374518744379,3,148,1147,928
1053,645,1,44.09179687499999,49.22477738575268,463.76352486559136,821.3211315524193,44,49,508,871
1054,645,2,405.97168792158516,236.6710845278246,537.9466892390387,584.0995731450253,405,236,944,821
1055,646,1,64.09274193548387,176.26008064516128,799.2439516129032,1233.296370967742,64,176,864,1410
1056,647,1,217.3496354799514,117.07017010935601,139.02794653705953,454.79799513973273,217,117,357,572
1057,647,1,366.5750303766707,111.69349939246659,148.56014580801946,471.3836573511543,366,111,516,584
1058,649,1,46.98924731182796,50.92293906810036,835.9856630824373,1129.7939068100359,46,50,883,1181
1059,651,1,395.71225358422936,157.11778953853045,524.5067204301074,336.30113127240145,395,157,921,494
1060,62,2,290.3964796546552,482.2165368992648,617.0993331799405,694.6676785036814,290,482,908,1177
1061,62,1,118.02237893523073,409.8194014460063,270.6274170360977,741.2086988490263,118,409,389,1152
1062,652,1,469.8526731470231,96.22417982989064,287.2691373025516,540.5057715674362,469,96,758,637
1063,652,1,1.9547387606318347,27.288882138517618,266.9562575941677,611.0677399756987,1,27,269,639
1064,77,1,22.578125,207.91366906474832,914.820143884892,1237.0863309352517,22,207,938,1445
1065,652,1,213.23333333333332,42.18571428571428,242.27619047619046,588.4761904761905,213,42,456,631
1066,24,2,58.35429678717963,13.208648901191546,820.4892165369267,661.9856371982493,58,13,879,676
1067,653,1,128.0765568996416,166.45908938172045,784.7342629928316,1225.5218133960575,128,166,913,1392
1068,24,1,651.9657996747133,61.89929440724764,105.6691121712006,147.10792157289794,651,61,758,210
1069,27,1,64.69064396919964,12.661870503597122,527.6547219255846,539.6258940113534,64,12,593,553
1070,29,1,336.34533779226615,105.66905947897932,247.71224426708636,478.84892086330933,336,105,585,585
1071,29,1,496.5755676708633,8.978411996964928,218.24457621402883,485.29500618255395,496,8,715,495
1072,29,2,96.92087736061151,60.54679596166817,849.9568626348921,578.302133683678,96,60,947,639
1073,654,2,435.9475806451613,353.26612903225805,468.01915322580646,154.67237903225808,435,353,904,508
1074,654,2,400.20025295109616,293.2303962900506,278.352129005059,137.0346753794267,400,293,679,431
1075,654,2,41.77877302650067,292.9208494776444,356.3740770079249,135.7122539273269,41,292,399,429
1076,654,2,412.6564629643941,282.56113724742863,245.52522727911423,134.67625899280574,412,282,659,418
1077,654,2,68.26071428571429,284.6571428571429,327.28928571428577,152.06785714285715,68,284,396,437
1078,655,2,24.221109150985665,222.11363827284947,710.1762362791219,476.9480566756272,24,222,735,700
1079,14,1,104.54997604699443,152.15614837536708,138.6158133307807,322.212953142125,104,152,244,475
1080,655,2,498.3519445615515,78.70177461003374,442.209290682968,265.29323882799326,498,78,941,344
1081,14,1,256.017601946275,172.35178630472086,291.9194174567573,302.0173152127712,256,172,548,475
1082,14,2,282.63916366906477,97.99496577969558,643.507899661716,420.43740306826805,282,97,927,519
1083,656,1,160.71506076388889,76.85004340277771,547.6236979166666,698.1499565972223,160,76,709,775
1084,11,1,405.10346172524874,371.23415343195416,105.14094126310283,224.68492505190193,405,371,511,596
1085,11,1,566.4156479869815,375.5550606954012,184.35687848646864,205.96114009061313,566,375,751,582
1086,657,2,13.270735327060931,632.5695284498208,662.1052867383512,284.63461861559136,13,632,676,918
1087,11,1,500.1624325539569,349.6298368851916,97.93961229941824,249.16982812675644,500,349,599,599
1088,657,2,661.446695826307,528.3911783305227,253.09218223018547,177.364104658516,661,528,915,706
1089,11,2,0,496.53920039170083,960,482.4964028776979,0,496,960,980
1090,32,1,249.47502589054247,81.08744245295902,352.94248012844605,381.535241572977,249,81,603,463
1091,21,1,123.62589225494604,259.4532391664793,153.7841796875,195.22302860836334,123,259,278,455
1092,21,1,406.33093525179856,229.98560624156923,150.10074752697835,221.9280786308453,406,229,557,452
1093,21,1,565.6403158723022,203.28059134723472,148.2589787544964,220.0863098583633,565,203,714,424
1094,21,1,711.136676596223,130.5323758571268,130.76263208183457,335.19422352742805,711,130,842,466
1095,21,1,162.30215827338128,99.22302685195594,148.2590138826439,183.25179504833636,162,99,311,283
1096,21,1,307.79855412544964,115.79859452281924,44.20146695143882,176.8057097290917,307,115,353,293
1097,21,1,358.4460361398381,112.11510967007644,82.8777329698741,179.56834532374103,358,112,442,292
1098,21,1,428.431668727518,115.79859452281924,62.618733138489176,129.8416950033723,428,115,492,246
1099,659,2,95.03525032484826,360.69011145977936,897.3818412339392,410.92226794534474,95,360,993,772
1100,659,2,590.559263371239,285.1529213771347,406.3899904361441,158.62809917355372,590,285,997,444
1101,727,2,1073.7440633430756,1629.9856672767255,894.6644805249548,865.4277396442221,1073,1629,1969,2496
1102,722,2,389.70460212487967,324.18456080320067,1343.1093904234522,702.1927678499292,389,324,1733,1027
1103,723,2,25.20001220703125,55.5,536.7999877929688,293.59999084472656,25,55,562,350
1104,725,2,33.711725193819554,85.88524357363474,603.71228504867,816.4489647295835,33,85,638,903
1105,724,2,0,417.1511002135791,1024,727.1137027877696,0,417,1024,1145
1106,711,2,10.400009155273438,45.400001525878906,816.0000152587891,453.6000061035156,10,45,827,500
1107,712,2,1.1510791366906474,146.87768730328236,941.1222740557554,758.7915214703237,1,146,943,906
1109,714,2,34.435542264430644,98.60504372685934,1011.1252108786604,783.4186688430018,34,98,1046,883
1110,715,2,0,271.28634358138487,1007.792856339928,802.2561404001797,0,271,1008,1074
1111,716,2,63.534152902287545,22.532376076677718,779.0503676160633,631.9424855623314,63,22,843,655
1112,717,2,36.906504459518324,438.50722758890055,986.7625751083702,697.3380850373412,36,438,1024,1136
1113,658,2,68.49787363304982,181.5811057108141,525.9340826245443,326.4823815309842,68,181,595,509
1114,658,1,639.1813487241798,166.95929526123936,131.514277035237,337.6685905224788,639,166,771,505
1115,658,1,546.5112393681652,184.67496962332928,109.04518887806829,327.61125172988733,546,184,656,513
1116,728,1,170.3994532199271,159.88304981774,435.2004860267315,474.9012758201701,170,159,606,635
1117,731,2,125.67739975698663,203.4842776231725,410.49471008746673,289.96651217026607,125,203,537,494
1118,731,2,539.7311664641555,142.0124544349939,408.34447144592946,336.57958687727825,539,142,949,479
1119,732,1,56.156165994623656,139.88848286290323,515.4842909946236,1021.4820648521506,56,139,572,1162
1120,733,1,144.9178427419355,161.42137096774192,586.4574932795698,1070.239751344086,144,161,732,1232
1121,733,1,601.7381692664418,30.189871416526138,355.59058811129853,1316.2254953625634,601,30,958,1347
1122,734,1,110.20446908602152,59.28721438172043,815.5959621415772,1350.525341621864,110,59,926,1410
1123,735,1,70.41229838709677,55.425445228494624,388.66351646505376,1106.4109122983868,70,55,460,1162
1124,735,2,341.74285940134905,105.85770183389545,599.9337189080944,1074.1894366568297,341,105,942,1181
1125,737,1,228.2944808467742,138.88043934811827,217.10540574596774,538.1441952284947,228,138,446,678
1126,737,1,13.081524030354132,142.94493702571668,198.89285808389545,529.3038443296796,13,142,212,673
1127,738,1,167.38407258064515,23.896169354838708,616.648185483871,671.3306451612904,167,23,785,696
1128,739,1,205.3523693803159,157.17648845686512,177.30710814094778,374.36208991494533,205,157,383,532
1129,739,1,761.6874240583232,190.03341433778857,98.66190765492092,309.7417982989065,761,190,861,500
1130,739,1,2.1952380952380954,197.63333333333333,92.4,290.40000000000003,2,197,95,489
1131,739,2,100.23218142548596,180.9989200863931,645.8099352051837,338.65010799136064,100,180,747,520
1132,740,1,92.16034526209678,83.08839465725808,802.9514868951613,953.2028099798388,92,83,896,1037
1133,741,1,111.5524193548387,135.13104838709677,729.8185483870968,1293.5584677419354,111,135,842,1429
1134,742,1,109.87455197132617,193.44086021505376,433.8620071684588,937.4193548387098,109,193,544,1131
1135,743,1,150.80946855147752,70.58676345995555,158.78196522738028,473.81025962631423,150,70,310,545
1136,743,2,91.66767922235722,140.02582017010934,845.8642162818954,473.98997569866344,91,140,938,615
1137,744,1,191.71370967741936,53.08971774193548,365.2520161290322,649.0423387096774,191,53,557,703
1138,745,1,451.0329861111111,32.73938732078853,193.13303651433694,420.7351590501792,451,32,645,454
1139,745,1,631.899926222597,25.37189080944351,152.67790893760548,445.05986509274874,631,25,785,471
1140,746,1,9.586877278250304,42.111178614823814,577.577460510328,453.6953219927096,9,42,588,496
1141,747,1,647.2962596216612,212.5452329522445,273.75307319668457,925.2068912410394,647,212,922,1138
1142,747,1,399.1897791947723,260.81309944139963,245.91937842537948,851.0524741779091,399,260,646,1112
1143,747,1,210.50985119047618,270.52293898809523,172.9857961309524,848.1257068452381,210,270,384,1119
1144,747,1,16.38369836663067,284.12811318844496,210.2297684935205,806.6118976106911,16,284,227,1091
1145,748,1,127.68145161290322,26.994416873449133,274.63864764267987,600.2326302729529,127,26,403,628
1146,748,1,505.2840218712029,74.14793438639126,216.53070068853782,552.9204796620957,505,74,722,628
1147,749,1,292.6685905224787,5.572600243013365,443.63456865127586,618.2943499392467,292,5,737,624
1148,750,1,522.9723572296476,77.40583232077765,423.7044349939247,527.9343863912515,522,77,947,606
1149,751,1,63.76534498207886,488.662102374552,473.03413418458786,911.385500672043,63,488,537,1401
1150,751,1,541.0243992411467,479.5292211214165,361.4559425941539,946.6255861539388,541,479,903,1427
1151,753,1,60.05659862231183,28.111384128584227,715.5606658826165,1373.927461357527,60,28,776,1403
1157,767,1,183.1770693324373,247.5260276657706,152.40620799731184,331.7035590277778,183,247,336,580
1158,767,1,374.2747344562702,244.98490198145026,128.90280559432,348.65693726619287,374,244,504,594
1159,767,1,508.5038541666667,387.13909226190475,95.09988095238094,218.28742559523818,508,387,604,606
1160,767,1,598.6478300485961,442.36980291576674,90.0369195464363,169.2748886339093,598,442,689,612
1169,776,1,773.9717496962332,134.97721749696234,165.4921020656136,447.7263061968408,773,134,940,583
1170,776,1,558.7571428571429,122.25238095238095,153.452380952381,195.65714285714284,558,122,713,318
1171,776,1,214.16306695464365,32.861771058315334,349.5140388768898,438.39092872570194,214,32,564,472
1172,776,1,713.5583153347733,62.37580993520519,104.91900647948158,305.1133909287257,713,62,819,368
1177,780,1,103.37172651187906,21.939305480561558,126.20830521058315,204.85625337473004,103,21,230,227
1183,718,2,132.71911157292428,3.658273381294964,886.7654639045112,650.6848716186962,132,3,1020,655
1184,719,2,235.68345323741008,1141.4331045905462,2686.0663640962225,1850.6586387140285,235,1141,2922,2993
1185,720,2,102.44604316546763,272.1151184521133,849.0359431205036,736.6906826101618,102,272,952,1009
1186,721,2,1.95677525362521,492.21594885956466,606.0432247463748,505.0359119442726,1,492,608,998
1187,703,2,543.7881444478206,691.859506332617,432.7194244604317,416.9840376051211,543,691,977,1109
1188,704,2,71.45902652877697,295.781320256295,903.1827225719423,621.7669177158273,71,295,975,918
1189,705,2,66.76260310111275,270.64748530765235,1533.2373968988873,859.8561019348584,66,270,1600,1131
1190,707,2,16.57556767086328,108.20142128484711,943.4244323291368,804.8345815535072,16,108,960,914
1191,708,1,849.6403316799685,171.22298865009554,1151.0789171397255,2785.611598611735,849,171,2001,2957
1192,708,2,0,602.8776649090883,3000,2313.6693282093074,0,602,3000,2917
1193,710,2,120.79138447054856,119.13669503850046,752.8057729597573,904.7481838747752,120,119,874,1024
1194,709,2,0,5.064776303956834,960,1051.625888742131,0,5,960,1057
1195,695,2,70.14388489208633,406.9064792111623,773.5251447279677,697.5539392704586,70,406,844,1105
1196,696,2,0,168.9784207790018,960,698.0144165917266,0,168,960,867
1197,697,2,20.800003051757812,22.300003051757812,928.0000457763672,446.4000244140625,20,22,949,469
1198,698,2,483.90652224314294,463.76980788416137,403.33808734262584,216.86326719874097,483,463,888,681
1199,699,2,538.068345323741,1115.689506475874,1849.208633093525,1175.2746006807836,538,1115,2388,2291
1200,700,2,198.5664845199036,92.84891197149702,1654.9639694982295,870.2159458956272,198,92,1854,964
1201,701,2,77.60000610351562,0.20001220703125,367.1999816894531,330.3999786376953,77,0,445,331
1202,702,2,37.91372175696943,204.31656871768212,833.3813125281026,764.3165643266638,37,204,872,969
1203,683,2,753.2547458127249,126.49211241358476,3386.7972614096225,2725.8473602953572,753,126,4141,2853
1204,684,2,8.920863309352518,283.16545006182554,773.52525011241,885.8705106227517,8,283,783,1170
1205,685,2,0,77.69786368171088,900,861.0071415523832,0,77,900,939
1206,686,2,238.839908297971,46.18705365297606,1234.5323741007194,1117.1223153313285,238,46,1474,1164
1207,687,2,263.5252149842626,436.83451920104545,511.07906643435257,462.73386564186154,263,436,775,900
1208,687,2,166.83454993817446,386.1870635327676,181.87045090490108,163.4532461921088,166,386,349,550
1209,688,2,71.13667659622303,577.8417441827787,543.3094227742806,440.17268997302165,71,577,615,1019
1210,689,2,227.48465887934185,113.98283517961023,2134.204295206413,1569.1856221809662,227,113,2362,1684
1211,689,2,2378.4718586215013,147.54821744411112,201.39272039399748,464.3223128284482,2378,147,2580,612
1212,691,2,6.906448474033255,207.84174143839226,473.09355152596675,271.0791169310645,6,207,480,479
1213,692,2,50.50356748292772,572.5359601082562,1013.9568493520613,598.2734405737128,50,572,1065,1171
1214,693,2,5.064758739883246,210.99281365922886,1274.9352412601168,599.4820618114882,5,210,1280,811
1215,694,2,41.20001220703125,49.80000305175781,544,324,41,49,586,374
1216,677,2,0,140.20153896414118,925.467731283723,1353.6689066715376,0,140,926,1494
1217,678,2,132.6619758880396,241.1511976941884,826.4748552720325,1001.4387171903103,132,241,960,1243
1218,679,2,20.70001220703125,21.60003662109375,624.7999877929688,407.9999542236328,20,21,646,430
1219,680,2,262.3456372734454,101.27590164349233,1027.005727040682,734.6374006202752,262,101,1290,836
1220,681,2,0,1399.1367477307217,3076.604407879946,1538.302203939973,0,1399,3077,2938
1221,682,2,39.64882665400882,62.568385995549264,927.0216084212708,716.0287470097164,39,62,967,779
1222,669,2,0,23.048192497637633,1280,696.9151436785143,0,23,1280,720
1223,670,2,257.78036762484544,417.40656146042636,348.9928057553957,289.1654084569259,257,417,607,707
1224,670,2,644.0863478406728,430.70144941480896,183.91365215932717,243.74100719424462,644,430,828,675
1225,671,2,7.20001220703125,151.40000915527344,621.5999755859375,274.3999938964844,7,151,629,426
1226,672,2,24.345334279451436,146.07199250365332,606.3884575933004,588.4316599454811,24,146,631,735
1227,673,2,31.66617018884892,339.7985400741906,1723.8560729541366,890.6591024055754,31,339,1756,1231
1228,674,2,0,71.36692403889388,960,574.6187190872301,0,71,960,646
1229,676,2,21.12234431205036,406.56118269446944,692.4892507868705,500.9495840827338,21,406,714,908
1230,660,2,59.20001220703125,91.49999237060548,682.4000244140625,407.2000274658203,59,91,742,499
1231,661,2,6.915158498201439,568.5410577787769,961.3813581946944,576.8287011016188,6,568,969,1146
1232,662,2,31.104003137821774,343.4079020932424,950.8200667127433,906.3137308024676,31,343,982,1250
1233,663,2,34.25618255395683,394.1294683003597,1308.3625224820144,730.7973808453238,34,394,1343,1125
1234,664,2,39.50205856433017,272.7485440343404,641.0071942446043,462.807223587585,39,272,681,736
1235,665,2,79.99097426160634,20.71947056612521,1433.0935910451326,1179.2805294338748,79,20,1514,1200
1236,666,2,1145.761460997218,1347.7467376928535,1962.3366242552834,1274.8663198347572,1145,1347,3109,2623
1237,668,2,273.37228239869046,91.07914657043897,1194.820222923224,1004.8920665713524,273,91,1469,1096
1238,794,1,202.39999389648438,71.90000915527344,294.3999938964844,348.0000305175781,202,71,497,420
1239,861,1,254.4000244140625,123.30000305175781,58.39996337890625,102.4000244140625,254,123,313,226
1240,862,1,311.71221616456836,96.46042638545411,138.1294964028777,505.55397088579133,311,96,450,603
1241,862,1,88.86332340377697,148.94964204417715,174.9640287769784,418.9928408835432,88,148,264,568
1242,863,1,317.3525320368705,217.0935409875225,144.57551146582733,347.1654746515287,317,217,462,565
1243,863,1,207.76978417266187,320.230238660634,116.02876292715828,172.20141074640287,207,320,324,493
1244,863,1,83.45323741007194,347.856102813062,202.58992805755395,271.65471138714025,83,347,287,620
1245,865,1,112,82.90000915527344,102.39999389648438,333.6000061035156,112,82,215,417
1246,868,1,147.62589928057554,101.98564488253147,187.85612915917267,303.8848745222572,147,101,336,406
1247,869,1,140.1769081499937,0,293.77551335396527,597,140,0,434,597
1248,870,1,426.4000244140625,186.6000213623047,180.79998779296875,291.9999694824219,426,186,608,479
1249,873,1,18.1294964028777,49.49641165973471,299.2805404114209,574.6187190872303,18,49,318,625
1250,835,1,66.39999389648438,34.5,161.60000610351562,332.00001525878906,66,34,228,367
1251,835,1,243.20001220703125,34.5,144,322.40003967285156,243,34,388,357
1252,836,1,255.20001220703125,7.199981689453125,222.4000244140625,472.8000183105469,255,7,478,480
1253,837,1,97.2661870503597,261.2949728108138,156.54676258992805,292.8345604766187,97,261,254,555
1254,839,1,466.4000244140625,49.00001525878906,92,420,466,49,559,470
1255,839,1,191.20001220703125,67.40000915527344,139.20001220703125,198.39999389648438,191,67,331,266
1256,839,1,4,5.8000030517578125,188.80001831054688,384.79998779296875,4,5,193,391
1257,839,1,530.4000244140625,32.80003356933594,109.5999755859375,447.19996643066406,530,32,640,480
1258,839,1,379.20001220703125,89,55.20001220703125,108.00001525878906,379,89,435,198
1259,840,1,187.20001220703125,88.70001220703125,332,232.8000030517578,187,88,520,322
1260,838,1,276.9783207735569,23.01654840373307,306.31365593560304,567.8849249091937,276,23,584,591
1261,841,1,5.600006103515625,12.900009155273438,317.6000061035156,402.3999938964844,5,12,324,416
1262,846,1,128.80001831054688,97.40000915527344,279.1999816894531,292.8000183105469,128,97,408,391
1263,847,1,187.79998779296875,34.20001220703125,151.20001220703125,442.3999786376953,187,34,339,477
1264,847,1,44.70001220703125,283.8000030517578,116.79998779296875,210.4000244140625,44,283,162,495
1265,848,1,118.80001831054688,127.69999694824219,209.60000610351562,230.39999389648438,118,127,329,359
1266,849,1,91.64027371852518,77.12231094031026,141.81299881969423,281.7841586106115,91,77,234,359
1267,849,1,222.40287067221223,56.86331110892536,155.62591333183454,290.99279170413666,222,56,379,348
1268,851,1,335.20001220703125,43.20001220703125,196,326.3999786376953,335,43,532,370
1269,853,1,180,8.900009155273438,208.79998779296875,184.79998779296875,180,8,389,194
1270,854,1,167.20001220703125,5.10003662109375,384,403.9999542236328,167,5,552,410
1271,855,1,267.20001220703125,101,73.5999755859375,120.80000305175781,267,101,341,222
1272,855,2,0,104.19999694824219,116,89.60000610351562,0,104,116,194
1273,855,2,316.79998779296875,100.20001220703125,120.800048828125,80.80000305175781,316,100,438,182
1274,857,2,192,284.1999969482422,77.60003662109375,61.600006103515625,192,284,270,346
1275,857,2,74.39999389648438,263.4000701904297,104,93.59994506835938,74,263,179,358
1276,857,2,320.79998779296875,104.79997253417969,309.60003662109375,407.2000274658203,320,104,631,512
1277,859,1,120,115.00001525878906,152.79998779296875,264.79998779296875,120,115,273,380
1278,860,1,192.80001831054688,25,141.60000610351562,372.00001525878906,192,25,335,398
1279,860,1,536.7999877929688,79.40000915527344,100.800048828125,320.0000305175781,536,79,638,400
1280,860,1,100.80001831054688,93.8000030517578,139.19998168945312,200.80001831054688,100,93,240,295
1281,807,1,65.75539568345323,55.02157746459083,209.03597824865108,448.46047380845323,65,55,275,504
1283,808,1,333.60003662109375,169.4000015258789,170.39996337890625,331.1999816894531,333,169,504,501
1284,808,1,152,94.20000457763672,175.20001220703125,169.59999084472656,152,94,328,264
1286,809,1,61.100006103515625,10.20001220703125,171.19998168945312,215.99998474121094,61,10,233,227
1287,810,1,24.230201776079134,165.52517458689297,236.6619126573741,465.03597122302165,24,165,261,631
1288,811,1,109.10003662109375,24.60003662109375,147.199951171875,349.59999084472656,109,24,257,375
1289,812,1,200.80001831054688,158.3000030517578,130.39999389648438,147.20001220703125,200,158,332,306
1290,812,1,352.79998779296875,167.1000213623047,106.4000244140625,136.800048828125,352,167,460,304
1291,814,1,87.136704698741,99.22302685195594,359.13669064748206,532.2589682160522,87,99,447,632
1292,815,1,367.20001220703125,261.5999755859375,83.20001220703125,162.4000244140625,367,261,451,424
1293,815,1,521.6000366210938,252.1999969482422,46.39996337890625,100.00003051757812,521,252,568,353
1294,815,1,81.60000610351562,286.6000213623047,98.39999389648438,135.99996948242188,81,286,180,423
1295,816,1,210.39999389648438,12.10003662109375,153.60000610351562,201.59999084472656,210,12,364,214
1296,816,1,0.800018310546875,92.90000915527344,112,188.00006103515625,0,92,113,281
1297,817,1,0.800018310546875,49.00001525878906,156,348.79998779296875,0,49,157,398
1298,817,1,280,57.80000305175781,84.79998779296875,147.20001220703125,280,57,365,206
1299,817,1,493.60003662109375,45.80000305175781,128,332.79998779296875,493,45,622,379
1303,818,1,272.863295301259,310.1007211808678,59.856115107913695,135.36691350044958,272,310,333,446
1304,818,2,262.73381294964025,249.32375681486062,93.00718019334532,68.14386381519782,262,249,356,318
1305,819,1,159.6033219266529,104.46283009426654,114.24796616735537,443.23968556301656,159,104,274,548
1306,829,1,185.60000610351562,81.39996337890625,124.00003051757812,321.60003662109375,185,81,310,403
1307,829,1,371.20001220703125,100.90000915527344,131.20001220703125,296.0000305175781,371,100,503,397
1308,820,1,155.20001220703125,170.1999969482422,84.79998779296875,299.2000427246094,155,170,240,470
1309,820,1,118.4000244140625,143.00001525878906,52.79998779296875,186.4000244140625,118,143,172,330
1310,821,1,83.20001220703125,183.8000030517578,55.199981689453125,113.60006713867188,83,183,139,298
1311,821,1,212.80001831054688,163.00001525878906,68.80001831054688,88,212,163,282,252
1312,821,1,125.60000610351562,179.8000030517578,28.79998779296875,68.80001831054688,125,179,155,249
1313,822,1,23.597122302158272,101.98564488253147,185.0935111285971,533.1798174741457,23,101,209,636
1314,823,1,45.600006103515625,31.60003662109375,145.60000610351562,307.9999542236328,45,31,192,340
1315,823,1,243.20001220703125,31.5999755859375,101.5999755859375,314.4000244140625,243,31,345,346
1316,823,1,344,36.399993896484375,80.79998779296875,309.6000061035156,344,36,425,346
1317,823,1,435.20001220703125,39.600006103515625,96,306.3999938964844,435,39,532,346
1318,823,1,534.4000244140625,66.80000305175781,52,267.20001220703125,534,66,587,335
1319,823,1,576,68.40000915527344,56,144.79998779296875,576,68,632,214
1320,824,1,69.98563258767985,43.28056500112416,213.64032992356115,596.7194349988758,69,43,284,640
1321,824,1,251.3956764276079,80.80576066490558,217.32372695593529,535.9424355047212,251,80,469,617
1322,825,1,324,87.90000915527344,57.60003662109375,83.20001220703125,324,87,382,172
1323,825,1,354.39996337890625,115.90000915527344,80,112,354,115,435,228
1324,825,1,108.80001831054688,91.90000915527344,77.5999755859375,91.20001220703124,108,91,187,184
1325,825,1,24,128.6999969482422,75.20001220703125,96.80001831054688,24,128,100,226
1326,827,1,448.79998779296875,44.90000915527344,59.20001220703125,199.20001220703125,448,44,508,245
1327,827,1,200.80001831054688,100.10002136230469,85.60000610351562,132,200,100,287,233
1328,827,1,288,170.50001525878906,182.4000244140625,140,288,170,471,311
1329,828,1,24.800018310546875,247.4000701904297,253.60000610351562,224.79995727539062,24,247,279,473
1330,828,1,251.20001220703125,274.3999938964844,288,199.20004272460938,251,274,540,474
1331,830,1,160.71225831834533,256.000028102518,264.28774168165467,383.999971897482,160,256,425,640
1332,830,1,197.76978417266187,16.345329010229317,162.99277765287766,279.9424425303507,197,16,361,297
1333,832,2,368.79998779296875,337.50001525878906,127.20001220703125,74.4000244140625,368,337,496,412
1334,832,1,162.39999389648438,349.50001525878906,28.800018310546875,52.79998779296875,162,349,192,403
1335,832,2,51.20001220703125,345.50001525878906,95.19998168945312,48.79998779296875,51,345,147,395
1336,795,1,48,40.40000915527344,452,232.79998779296875,48,40,500,274
1337,797,1,374.33094930305754,226.30217408104767,100.37411477068343,267.97124409847123,374,226,475,495
1338,796,1,332.79998779296875,125.80000305175781,89.60003662109375,153.60006713867188,332,125,423,280
1339,796,1,0,80.20001220703125,135.19998168945312,384.8000030517578,0,80,136,466
1340,796,1,443.20001220703125,106.60002136230469,132.79998779296875,246.39999389648438,443,106,576,354
1341,796,1,559.2000122070312,139.40000915527344,58.4000244140625,160.00006103515625,559,139,618,300
1342,800,1,5.453258486960432,3.4532374100719423,318.61872611285975,628.9496771723246,5,3,325,633
1343,801,1,15.5,10.20001220703125,304,484.00001525878906,15,10,320,495
1344,802,1,18.399993896484375,202.9000701904297,270.3999938964844,151.19992065429688,18,202,289,355
1345,803,1,213.20001220703125,99.90000915527344,122.4000244140625,153.60000610351562,213,99,336,254
1346,803,1,151.60000610351562,3.10003662109375,80.80001831054688,123.99998474121094,151,3,233,128
1347,803,1,2.800018310546875,14.300003051757812,70.39999389648438,116.80001831054688,2,14,74,132
1348,804,1,204.80001831054688,80.10002136230469,107.19998168945312,163.19998168945312,204,80,312,244
1349,805,1,3.3093525179856114,53.17986138433003,149.1798631407374,247.71222670301262,3,53,153,301
1350,806,1,262,164.19998168945312,123.20001220703125,192.80001831054688,262,164,386,357
1351,806,1,173.20001220703125,1.79998779296875,134.4000244140625,355.20001220703125,173,1,308,357
1352,988,2,217.60003662109375,19.900009155273438,282.39996337890625,256.79998779296875,217,19,500,277
1353,960,1,98.80001831054688,14.900009155273438,95.19998168945312,281.6000061035156,98,14,194,297
1354,960,1,185.20001220703125,20.5,86.4000244140625,284.00001525878906,185,20,272,305
1355,960,1,266.79998779296875,47.70001220703125,71.20001220703125,288.00001525878906,266,47,338,336
1356,960,2,348.79998779296875,61.30000305175781,151.20001220703125,95.20001220703124,348,61,500,157
1357,960,2,336,106.90000915527344,164,138.39996337890625,336,106,500,246
1358,961,2,16.800018310546875,121.00001525878906,623.1999816894531,318.4000244140625,16,121,640,440
1359,962,1,299.20001220703125,33.20001220703125,114.4000244140625,214.40000915527344,299,33,414,248
1360,962,2,4.800018310546875,98.00001525878906,147.19998168945312,112.79998779296875,4,98,152,211
1361,962,2,188.80001831054688,82.00001525878906,106.39999389648438,82.39999389648438,188,82,296,165
1362,962,2,488.79998779296875,79.60002136230469,95.20001220703124,84.79998779296875,488,79,584,165
1363,964,2,62,302.9000701904297,166.4000244140625,60.799957275390625,62,302,229,364
1364,964,2,2.800018310546875,280.50001525878906,108,86.4000244140625,2,280,111,367
1365,967,1,114,78.69999694824219,108.79998779296875,196.80001831054688,114,78,223,276
1366,969,2,6.399993896484375,129.8000946044922,599.9999694824219,236.80001831054688,6,129,607,367
1367,972,1,347.20001220703125,128.50001525878906,129.5999755859375,248,347,128,477,377
1368,972,2,40,280.50001525878906,154.39999389648438,53.600006103515625,40,280,195,335
1369,975,2,21.899993896484375,342.1999969482422,136.80001831054688,68.00003051757812,21,342,159,411
1370,975,2,149.10003662109375,355.8000030517578,102.39996337890625,44.79998779296875,149,355,252,401
1371,975,2,249.9000244140625,355.8000030517578,78.39996337890625,48,249,355,329,404
1372,975,2,325.10003662109375,359.8000030517578,46.39996337890625,40.79998779296875,325,359,372,401
1373,977,2,351.20001220703125,64.20001220703125,288.79998779296875,128.8000030517578,351,64,640,194
1374,977,2,277.60003662109375,84.20001220703125,92,70.40000915527344,277,84,370,155
1375,978,2,84,271.4000701904297,148,80.7999267578125,84,271,232,353
1376,978,2,521.6000366210938,250.6000213623047,76.79998779296875,36.800048828125,521,250,599,288
1377,978,2,244,264.1999969482422,44.79998779296875,33.600006103515625,244,264,289,298
1379,982,2,309.5999755859375,164.7999725341797,330.4000244140625,195.19998168945312,309,164,640,360
1380,982,1,208.80001831054688,152.8000030517578,51.199981689453125,122.39999389648438,208,152,260,276
1381,984,2,19.20001220703125,172.3000030517578,616,192,19,172,636,365
1382,986,2,222.79998779296875,18.900009155273438,259.20001220703125,180.80001831054688,222,18,482,200
1383,922,2,165.38131604091726,450.99280048617356,235.74099314298562,178.6474960656475,165,450,402,630
1384,927,2,204,241.6999969482422,51.20001220703125,44,204,241,256,286
1385,927,2,248.79998779296875,282.50001525878906,85.60003662109375,35.199981689453125,248,282,335,318
1386,927,2,451.20001220703125,293.6999969482422,69.5999755859375,61.600006103515625,451,293,521,356
1387,927,2,65.60000610351562,201.6999969482422,52,30.4000244140625,65,201,118,233
1388,927,2,18.399993896484375,182.50001525878906,40,33.600006103515625,18,182,59,217
1389,929,2,256.79998779296875,134.1999969482422,203.20001220703125,112.80001831054688,256,134,460,248
1390,930,2,306,191.60000610351562,124,142.39999389648438,306,191,430,334
1391,930,2,375.60003662109375,144.8000030517578,64.79998779296875,81.60006713867188,375,144,441,227
1392,930,2,128.39999389648438,170.40000915527344,126.39999389648438,57.600067138671875,128,170,255,229
1393,930,2,19.600006103515625,216.00001525878906,90.39999389648438,71.20001220703125,19,216,110,288
1394,930,2,127.60000610351562,203.1999969482422,156.00003051757812,125.60000610351562,127,203,284,329
1395,930,2,8.399993896484375,131.1999969482422,125.60000610351562,50.4000244140625,8,131,134,182
1396,930,2,2,180.00001525878906,128.80001831054688,39.199981689453125,2,180,131,220
1397,930,1,206.79998779296875,96.00001525878906,28.800048828125,46.399993896484375,206,96,236,143
1399,932,1,292,165.50001525878906,68.79998779296875,212.79998779296875,292,165,361,379
1400,933,2,25.600006103515625,24.399993896484375,551.1999816894531,401.6000061035156,25,24,577,426
1402,935,2,5.600006103515625,94.50001525878906,281.6000061035156,272,5,94,288,367
1404,937,2,544.7999877929688,205.00001525878906,90.4000244140625,59.199981689453125,544,205,636,265
1405,937,1,437.60003662109375,186.6000213623047,33.5999755859375,92.800048828125,437,186,472,280
1406,937,1,251.20001220703125,190.6000213623047,71.20001220703125,86.39999389648438,251,190,323,278
1407,937,1,94.39999389648438,191.40000915527344,80,92.79998779296876,94,191,175,285
1408,939,2,281.20001220703125,243.6999969482422,156.79998779296875,63.200042724609375,281,243,438,307
1409,940,2,62.399993896484375,72.10003662109375,368.0000305175781,155.19996643066406,62,72,431,228
1410,942,2,227.20001220703125,230.6000213623047,223.20001220703125,100.800048828125,227,230,451,332
1411,928,2,258.4000244140625,104.50001525878906,241.5999755859375,110.40005493164062,258,104,500,215
1412,928,2,164.4000244140625,96.50001525878906,85.5999755859375,63.199981689453125,164,96,250,160
1413,928,2,69.20001220703125,95.6999969482422,92.79998779296876,56.800018310546875,69,95,162,153
1414,928,2,0,117.30000305175781,53.600006103515625,31.20001220703125,0,117,54,149
1415,943,2,128.80001831054688,6.20001220703125,399.9999694824219,142.40000915527344,128,6,529,149
1416,944,2,337.60003662109375,49.70001220703125,104.79998779296875,86.40000915527344,337,49,443,137
1417,946,1,293.60003662109375,167.90000915527344,86.39996337890625,141.60000610351562,293,167,380,310
1419,946,2,32.800018310546875,246.3000030517578,54.399993896484375,32.800018310546875,32,246,88,280
1420,946,2,86.39999389648438,245.50001525878906,37.600006103515625,40.79998779296875,86,245,124,287
1421,946,2,191.20001220703125,238.3000030517578,43.20001220703125,32,191,238,235,271
1422,949,1,352.79998779296875,134.6000213623047,150.4000244140625,262.3999938964844,352,134,504,398
1423,949,1,220.80001831054688,80.20001220703125,65.60000610351562,75.19999694824219,220,80,287,156
1424,949,1,102.39999389648438,12.20001220703125,41.600006103515625,142.40000915527344,102,12,144,155
1425,949,1,8,28.20001220703125,60.800018310546875,126.40000915527344,8,28,69,155
1426,952,2,54.399993896484375,120.00001525878906,387.2000427246094,148,54,120,442,269
1427,953,2,49.582747864208635,474.93523247808,153.7841796875,87.48201438848923,49,474,204,563
1428,953,2,191.3956764276079,491.51080014894336,210.87771189298564,90.24463241906476,191,491,403,582
1429,888,2,199.60003662109375,34.90000915527344,214.39996337890625,163.20001220703125,199,34,414,199
1430,888,1,182,3.70001220703125,124,292.8000030517578,182,3,306,297
1431,888,2,0,23.70001220703125,112.79998779296875,163.20005798339844,0,23,113,187
1432,889,2,5.600006103515625,170.6000213623047,419.1999816894531,191.19998168945312,5,170,425,362
1433,889,2,424.00006103515625,136.19996643066406,203.199951171875,204.79998779296875,424,136,628,341
1434,890,2,210.5324022032374,9.899278819132194,168.51794345773382,187.8561115950989,210,9,380,198
1435,890,2,30.96402175134892,213.4100736988534,202.58996318570144,217.32372695593523,30,213,234,431
1436,890,1,412.20148100269785,65.15111250843076,37.7553816321942,83.7985295357464,412,65,450,149
1437,890,1,420.4891945818345,216.17265660128146,52.489250786870514,89.32374803282374,420,216,473,306
1438,890,1,352.34536589478415,410.47483595155126,48.80571324190646,55.25176343300359,352,410,402,466
1440,894,1,256,77.800048828125,248.79998779296875,396.8000030517578,256,77,505,475
1441,894,2,1.600006103515625,7.4000091552734375,636.8000183105469,468.0000305175781,1,7,639,476
1444,898,2,0,33.00001525878906,292.8000183105469,214.39999389648438,0,33,293,248
1445,900,2,33.20001220703125,191.39999389648438,448,221.60000610351562,33,191,482,413
1446,901,1,172.80001831054688,110.70001220703125,152.80001831054688,376.8000030517578,172,110,326,488
1448,903,2,76,227.40000915527344,188.79998779296875,154.39999389648438,76,227,265,382
1449,903,2,252,265.8000030517578,96,62.399993896484375,252,265,348,329
1450,904,2,3.3381224707733814,210.64749079642536,101.29496402877697,53.410064916816566,3,210,105,265
1454,904,2,119.36692052607913,177.49639058284623,34.992833857913666,33.15110021357913,119,177,155,211
1455,906,1,272,113.80000305175781,90.4000244140625,176.80001831054688,272,113,363,291
1456,906,1,460.79998779296875,191.40000915527344,60,164.79998779296875,460,191,521,357
1457,906,1,159.20001220703125,181.00001525878906,64.79998779296875,80.79998779296875,159,181,224,262
1458,906,2,432.79998779296875,191.40000915527344,201.60003662109375,176.80001831054688,432,191,635,369
1459,906,2,32.800018310546875,189.00001525878906,277.6000061035156,168,32,189,311,358
1460,906,1,0.800018310546875,178.39999389648438,118.39999389648438,301.6000061035156,0,178,120,480
1461,907,2,428,173.1000213623047,107.20001220703125,84.800048828125,428,173,536,258
1462,907,2,524.800048828125,165.90000915527344,115.199951171875,87.20001220703125,524,165,640,254
1463,909,1,156,263.00001525878906,64.80001831054688,163.20001220703125,156,263,221,427
1464,909,1,266.4000244140625,252.6000213623047,32,68,266,252,299,321
1465,909,1,74.39999389648438,239.20004272460938,66.4000244140625,188.79995727539062,74,239,141,428
1466,911,2,322.3453377922662,334.96403755901525,143.6546622077338,201.66907879946046,322,334,466,537
1467,911,2,11.079136690647482,377.32373573797213,240.34530968974818,167.59716445593529,11,377,252,545
1468,911,2,0.028769952787769785,356.14395690478864,111.42444638039568,279.0215054518885,0,356,112,636
1469,912,2,18,275.4000244140625,100.80001831054688,45.5999755859375,18,275,119,321
1470,912,2,129.20001220703125,247.39996337890625,96,73.60003662109375,129,247,226,321
1471,912,2,274.00006103515625,268.9999694824219,85.5999755859375,52.000030517578125,274,268,360,321
1472,912,2,244.4000244140625,245.50001525878906,87.20001220703125,63.20001220703125,244,245,332,309
1473,912,2,366,277.79998779296875,92.79998779296876,43.20001220703125,366,277,459,321
1474,912,2,409.20001220703125,248.19998168945312,80.79998779296875,72.80001831054688,409,248,490,321
1475,912,2,331.60003662109375,222.3000030517578,85.5999755859375,64,331,222,418,287
1476,912,2,226,195.1000213623047,80.79998779296875,77.5999755859375,226,195,307,273
1477,912,2,118,196.6999969482422,98.4000244140625,73.60000610351562,118,196,217,271
1478,912,2,0,244.6999969482422,85.60000610351562,56.000030517578125,0,244,86,301
1479,912,2,36.399993896484375,228.6999969482422,72.80001831054688,47.2000732421875,36,228,110,276
1480,914,2,158,166.90005493164062,175.20001220703125,104.79995727539062,158,166,334,272
1481,876,1,236.79998779296875,27.400009155273438,298.4000244140625,405.6000061035156,236,27,536,434
1482,876,2,15.20001220703125,129.8000030517578,126.39999389648438,62.399993896484375,15,129,142,193
1483,876,2,139.20001220703125,151.40000915527344,48,33.600006103515625,139,151,188,186
1484,916,2,0.9208492580935251,292.60430425191095,400.57557469649277,343.48200736285975,0,292,402,637
1485,917,1,232.11575090392563,154.18184642949382,138.5784962551653,317.35533154700414,232,154,371,472
1486,917,2,74.49585969783058,170.04961502453514,68.76037093233472,47.60330578512395,74,170,144,218
1487,917,2,141.14047972623968,167.9339044744318,44.42980049070249,46.545430333161164,141,167,186,215
1488,917,1,40.64465231146694,166.87602902246903,32.79337228822314,51.834726885330554,40,166,74,219
1489,881,1,30,40,247.20001220703125,360,30,40,278,400
1490,918,1,228.9000244140625,331.8000030517578,35.20001220703125,46.4000244140625,228,331,265,379
1491,918,2,123.39996337890625,367.00001525878906,209.60003662109375,119.20001220703125,123,367,333,487
1492,919,2,76.80001831054688,60.99998474121094,563.1999816894531,364.00001525878906,76,60,640,425
1493,921,2,178.39999389648438,306.6000213623047,151.20004272460938,78.39999389648438,178,306,330,386
1494,921,2,313.60003662109375,296.1999969482422,52.79998779296875,41.600006103515625,313,296,367,338
1495,921,2,473.60003662109375,328.1999969482422,45.5999755859375,40.000030517578125,473,328,520,369
1496,874,2,0,221.60000610351562,294.4000244140625,258.3999938964844,0,221,295,480
1497,874,2,306.4000244140625,15.400009155273438,115.20001220703125,116.79998779296875,306,15,422,133
1498,878,1,393.1769918537826,136.2690597095078,132.0863309352518,314.3655079354485,393,136,526,451
1499,878,1,240.83739663542605,115.13528371028762,194.60724799066998,460.54098368034084,240,115,436,576
1500,878,2,502.36837219677386,156.52229040132153,107.43018895430532,133.8474887326467,502,156,610,291
1501,879,2,136.93524477293164,191.309340223134,396.89207227967626,195.2230286083633,136,191,534,387
1502,879,1,280.58990698066543,348.77698719930305,314.93529395233816,223.76981227517985,280,348,596,573
1503,880,2,85.29497105440647,357.0647359065872,121.55396386016186,73.66906474820144,85,357,207,431
1504,880,2,342.2158132868705,359.82735393716274,50.64748201438846,39.59711527652877,342,359,393,400
1505,880,2,210.5324022032374,359.82735393716274,81.03592906924459,47.88486398381298,210,359,292,408
1506,880,2,432.1151360161871,364.43167048392536,47.88486398381292,33.151135341726615,432,364,480,398
1507,880,2,375.02156868255395,390.21583612016633,104.97843131744605,206.27339534622303,375,390,480,597
